{"type":"FeatureCollection","features":[{"type":"Feature","properties":{"nombre":"Holden/Parramore","id":"59","fuente":"orlando_barrios"},"geometry":{"type":"MultiPolygon","coordinates":[[[[-81.39727,28.542],[-81.3829,28.54204],[-81.38285,28.53837],[-81.38256,28.53837],[-81.383,28.53576],[-81.38516,28.5322],[-81.38612,28.53108],[-81.39725,28.53102],[-81.39727,28.542]]]]}},{"type":"Feature","properties":{"nombre":"Malibu Groves","id":"54","fuente":"orlando_barrios"},"geometry":{"type":"MultiPolygon","coordinates":[[[[-81.44266,28.53798],[-81.44268,28.53988],[-81.44227,28.53989],[-81.44226,28.53917],[-81.44133,28.53926],[-81.44134,28.53991],[-81.44174,28.5399],[-81.44175,28.54163],[-81.44063,28.54165],[-81.44064,28.54261],[-81.44218,28.54258],[-81.44218,28.54312],[-81.44261,28.54313],[-81.44263,28.54484],[-81.44206,28.54499],[-81.44206,28.54475],[-81.44168,28.54475],[-81.44168,28.5439],[-81.44065,28.54391],[-81.44064,28.54346],[-81.43855,28.54348],[-81.4386,28.54605],[-81.43977,28.54571],[-81.43977,28.5464],[-81.43993,28.54643],[-81.43993,28.54624],[-81.44028,28.54624],[-81.44027,28.54562],[-81.44256,28.54525],[-81.44264,28.54649],[-81.44171,28.5465],[-81.44171,28.54702],[-81.44244,28.54701],[-81.44244,28.54668],[-81.44264,28.54668],[-81.44264,28.54707],[-81.43979,28.5471],[-81.43979,28.54792],[-81.43862,28.54792],[-81.43861,28.54744],[-81.4375,28.54744],[-81.43711,28.54632],[-81.43657,28.54653],[-81.43655,28.54545],[-81.43504,28.54531],[-81.43505,28.54546],[-81.43553,28.54546],[-81.43555,28.54687],[-81.43507,28.54702],[-81.43506,28.54659],[-81.43477,28.54659],[-81.43475,28.54573],[-81.4324,28.54575],[-81.43241,28.54655],[-81.43178,28.54623],[-81.43177,28.54535],[-81.43038,28.54536],[-81.43038,28.54491],[-81.43299,28.54489],[-81.433,28.54534],[-81.43433,28.54532],[-81.43432,28.54348],[-81.43042,28.5435],[-81.43039,28.5417],[-81.4325,28.5417],[-81.43249,28.5414],[-81.43434,28.5414],[-81.43433,28.5408],[-81.43249,28.5408],[-81.43248,28.53994],[-81.43432,28.53995],[-81.43432,28.5394],[-81.43247,28.53939],[-81.43247,28.53905],[-81.43432,28.53905],[-81.43441,28.53616],[-81.43855,28.53611],[-81.43856,28.53443],[-81.44272,28.53439],[-81.44266,28.53798]],[[-81.43947,28.53802],[-81.43854,28.53804],[-81.43854,28.53807],[-81.43947,28.53806],[-81.43947,28.53802]]]]}},{"type":"Feature","properties":{"nombre":"Lake Cherokee","id":"37","fuente":"orlando_barrios"},"geometry":{"type":"MultiPolygon","coordinates":[[[[-81.36851,28.53095],[-81.37283,28.53078],[-81.37281,28.5293],[-81.37465,28.53054],[-81.37477,28.53118],[-81.37653,28.53119],[-81.37688,28.53421],[-81.37729,28.53524],[-81.37819,28.53584],[-81.37585,28.53668],[-81.37392,28.53707],[-81.36836,28.53715],[-81.36829,28.53248],[-81.36867,28.53182],[-81.36851,28.53095]]]]}},{"type":"Feature","properties":{"nombre":"Sunbridge/ICP","id":"125","fuente":"orlando_barrios"},"geometry":{"type":"MultiPolygon","coordinates":[[[[-81.17799,28.46567],[-81.17799,28.46657],[-81.18625,28.46654],[-81.1862,28.49577],[-81.17793,28.4958],[-81.17793,28.49634],[-81.16966,28.49636],[-81.16966,28.49548],[-81.16715,28.49555],[-81.16623,28.49585],[-81.16121,28.49585],[-81.16122,28.50296],[-81.16018,28.50397],[-81.15919,28.5031],[-81.15862,28.50195],[-81.15854,28.49586],[-81.14464,28.49589],[-81.1445,28.48858],[-81.14455,28.46667],[-81.16023,28.46662],[-81.16019,28.45473],[-81.16035,28.45447],[-81.16037,28.45313],[-81.16113,28.45311],[-81.16152,28.45458],[-81.162,28.45545],[-81.16399,28.45697],[-81.16692,28.46055],[-81.16762,28.46118],[-81.16867,28.46174],[-81.16977,28.46201],[-81.17241,28.46183],[-81.17354,28.46196],[-81.17354,28.46007],[-81.17333,28.45912],[-81.17279,28.45821],[-81.17129,28.45666],[-81.17097,28.45599],[-81.17086,28.45512],[-81.17112,28.45414],[-81.17175,28.4531],[-81.17283,28.45238],[-81.17375,28.45213],[-81.17804,28.45211],[-81.17799,28.46567]]],[[[-81.16595,28.45076],[-81.16237,28.45077],[-81.16112,28.45052],[-81.16111,28.44757],[-81.1616,28.4477],[-81.16204,28.44725],[-81.16141,28.44655],[-81.15986,28.44656],[-81.15986,28.44747],[-81.1594,28.44783],[-81.15788,28.45037],[-81.15644,28.45036],[-81.15644,28.45058],[-81.15595,28.45058],[-81.15598,28.45071],[-81.14456,28.45064],[-81.14443,28.4258],[-81.16106,28.42568],[-81.16106,28.42537],[-81.16802,28.42534],[-81.16772,28.42564],[-81.16896,28.42563],[-81.16969,28.42491],[-81.16969,28.42545],[-81.17009,28.42519],[-81.17315,28.42247],[-81.17387,28.42201],[-81.17785,28.42202],[-81.17813,28.42933],[-81.17805,28.45073],[-81.17359,28.45076],[-81.17201,28.45005],[-81.17112,28.44998],[-81.17111,28.44986],[-81.16998,28.44986],[-81.16812,28.45077],[-81.16595,28.45076]]],[[[-81.16969,28.46164],[-81.16863,28.46133],[-81.16766,28.46074],[-81.16429,28.45673],[-81.16241,28.45534],[-81.16192,28.45451],[-81.16146,28.4528],[-81.16553,28.45213],[-81.16699,28.45256],[-81.16879,28.45373],[-81.17029,28.45389],[-81.17053,28.4558],[-81.17087,28.45666],[-81.17259,28.45854],[-81.17299,28.45928],[-81.17316,28.46004],[-81.17317,28.46133],[-81.17302,28.46147],[-81.17087,28.46167],[-81.16969,28.46164]]]]}},{"type":"Feature","properties":{"nombre":"College Park","id":"13","fuente":"orlando_barrios"},"geometry":{"type":"MultiPolygon","coordinates":[[[[-81.38974,28.59002],[-81.38973,28.58934],[-81.38767,28.58937],[-81.38766,28.58923],[-81.37812,28.58942],[-81.37743,28.58883],[-81.37737,28.58454],[-81.3772,28.58454],[-81.3772,28.58469],[-81.37679,28.58469],[-81.37679,28.58436],[-81.3772,28.58436],[-81.37717,28.58323],[-81.3763,28.58338],[-81.37628,28.5823],[-81.37517,28.58231],[-81.37508,28.57857],[-81.37581,28.57441],[-81.37576,28.56769],[-81.37597,28.56608],[-81.38055,28.56009],[-81.38246,28.55304],[-81.39558,28.55292],[-81.3956,28.55673],[-81.39587,28.55778],[-81.39954,28.56381],[-81.3994,28.56381],[-81.40179,28.56737],[-81.40194,28.57362],[-81.40417,28.57359],[-81.40454,28.57507],[-81.40402,28.57508],[-81.40415,28.57618],[-81.40352,28.57619],[-81.40352,28.57578],[-81.40305,28.57578],[-81.40305,28.57537],[-81.40197,28.57552],[-81.40198,28.57577],[-81.40243,28.57576],[-81.40243,28.57593],[-81.40179,28.57593],[-81.40184,28.58002],[-81.40157,28.58046],[-81.40054,28.58073],[-81.39873,28.58192],[-81.39689,28.58269],[-81.39148,28.58377],[-81.39313,28.58518],[-81.39349,28.58588],[-81.39367,28.58688],[-81.39369,28.58837],[-81.39355,28.58856],[-81.3937,28.58859],[-81.39383,28.58965],[-81.39361,28.58965],[-81.39363,28.58998],[-81.38974,28.59002]]],[[[-81.37691,28.58593],[-81.37722,28.58593],[-81.37723,28.58671],[-81.37677,28.58671],[-81.37691,28.58593]]],[[[-81.40269,28.57785],[-81.40292,28.57785],[-81.40292,28.57815],[-81.402,28.57813],[-81.402,28.57786],[-81.40269,28.57785]]],[[[-81.40416,28.57515],[-81.40456,28.57514],[-81.40466,28.57546],[-81.4043,28.5756],[-81.40416,28.57515]]]]}},{"type":"Feature","properties":{"nombre":"Dover Shores West","id":"25","fuente":"orlando_barrios"},"geometry":{"type":"MultiPolygon","coordinates":[[[[-81.33107,28.52426],[-81.3435,28.52418],[-81.34353,28.531],[-81.336,28.53102],[-81.33114,28.53173],[-81.33107,28.52426]]]]}},{"type":"Feature","properties":{"nombre":"Pershing","id":"113","fuente":"orlando_barrios"},"geometry":{"type":"MultiPolygon","coordinates":[[[[-81.29579,28.49572],[-81.2962,28.49572],[-81.2962,28.49536],[-81.29733,28.49535],[-81.29735,28.49905],[-81.2953,28.49916],[-81.29527,28.49537],[-81.29579,28.49537],[-81.29579,28.49572]]]]}},{"type":"Feature","properties":{"nombre":"Randal Park","id":"102","fuente":"orlando_barrios"},"geometry":{"type":"MultiPolygon","coordinates":[[[[-81.22878,28.4278],[-81.23213,28.42778],[-81.23693,28.42907],[-81.2384,28.42971],[-81.24407,28.43324],[-81.24413,28.45093],[-81.24248,28.45094],[-81.23133,28.44611],[-81.22948,28.43364],[-81.22878,28.4278]]]]}},{"type":"Feature","properties":{"nombre":"Thornton Park","id":"87","fuente":"orlando_barrios"},"geometry":{"type":"MultiPolygon","coordinates":[[[[-81.3663,28.53717],[-81.36836,28.53715],[-81.36852,28.54577],[-81.36323,28.54581],[-81.3632,28.54216],[-81.36666,28.54215],[-81.36659,28.5385],[-81.36631,28.53851],[-81.3663,28.53717]]]]}},{"type":"Feature","properties":{"nombre":"Rosemont North","id":"73","fuente":"orlando_barrios"},"geometry":{"type":"MultiPolygon","coordinates":[[[[-81.44145,28.60737],[-81.44129,28.60186],[-81.4464,28.60185],[-81.44643,28.60368],[-81.44952,28.6037],[-81.44956,28.60559],[-81.45142,28.6056],[-81.45144,28.60759],[-81.44961,28.60758],[-81.44972,28.61129],[-81.45032,28.6113],[-81.44769,28.61181],[-81.44768,28.61126],[-81.44641,28.61124],[-81.44629,28.60746],[-81.44145,28.60737]]]]}},{"type":"Feature","properties":{"nombre":"Lake Whippoorwill","id":"123","fuente":"orlando_barrios"},"geometry":{"type":"MultiPolygon","coordinates":[[[[-81.24018,28.38946],[-81.24019,28.389],[-81.23916,28.38901],[-81.2392,28.38536],[-81.23737,28.38536],[-81.23737,28.38445],[-81.23899,28.38445],[-81.23899,28.38308],[-81.24292,28.38308],[-81.24291,28.38336],[-81.24427,28.38336],[-81.24427,28.38363],[-81.24251,28.38363],[-81.24253,28.38406],[-81.24427,28.38407],[-81.2441,28.39516],[-81.24226,28.39517],[-81.24226,28.39578],[-81.23809,28.3958],[-81.2381,28.39175],[-81.24016,28.39173],[-81.24018,28.38946]]],[[[-81.23856,28.38132],[-81.23858,28.37827],[-81.24429,28.37831],[-81.24428,28.38116],[-81.23856,28.38132]]]]}},{"type":"Feature","properties":{"nombre":"ORLANDO INTERNATIONAL AIRPORT","id":"900","fuente":"orlando_barrios"},"geometry":{"type":"MultiPolygon","coordinates":[[[[-81.33063,28.45178],[-81.33062,28.45131],[-81.28927,28.45146],[-81.28927,28.45013],[-81.29076,28.45036],[-81.29075,28.44941],[-81.28425,28.44828],[-81.28278,28.44816],[-81.26814,28.44813],[-81.26361,28.44746],[-81.25778,28.43836],[-81.25718,28.43629],[-81.2569,28.43103],[-81.2563,28.4292],[-81.26848,28.4292],[-81.26852,28.42202],[-81.26875,28.42202],[-81.26875,28.42229],[-81.26891,28.42229],[-81.26891,28.42202],[-81.27673,28.42203],[-81.27661,28.40719],[-81.2813,28.40722],[-81.2813,28.407],[-81.28244,28.40701],[-81.28235,28.37851],[-81.29101,28.37519],[-81.2923,28.37485],[-81.29365,28.37475],[-81.29498,28.37491],[-81.29625,28.3753],[-81.29721,28.3758],[-81.30944,28.38365],[-81.30976,28.38486],[-81.30975,28.38557],[-81.31058,28.38558],[-81.31192,28.38607],[-81.31371,28.38627],[-81.31458,28.3866],[-81.32373,28.39307],[-81.32846,28.39587],[-81.33137,28.39679],[-81.33213,28.39721],[-81.33254,28.39759],[-81.333,28.39838],[-81.33334,28.40087],[-81.33364,28.4019],[-81.33543,28.40499],[-81.34355,28.41253],[-81.34362,28.42012],[-81.34103,28.42014],[-81.34031,28.41905],[-81.33771,28.41907],[-81.338,28.43351],[-81.33653,28.43489],[-81.33497,28.43409],[-81.33503,28.44064],[-81.33695,28.44057],[-81.33694,28.43998],[-81.33739,28.44],[-81.33856,28.44051],[-81.33871,28.44824],[-81.33698,28.44824],[-81.33699,28.45004],[-81.335,28.45027],[-81.33503,28.45173],[-81.33063,28.45178]]],[[[-81.3262,28.3943],[-81.32613,28.38944],[-81.32821,28.38943],[-81.32829,28.39366],[-81.32694,28.39366],[-81.32693,28.39474],[-81.3262,28.3943]]],[[[-81.32787,28.3948],[-81.32763,28.39479],[-81.32763,28.39517],[-81.32702,28.3948],[-81.32703,28.39375],[-81.32848,28.39375],[-81.32843,28.39566],[-81.32786,28.39531],[-81.32787,28.3948]]]]}},{"type":"Feature","properties":{"nombre":"Lake Holden","id":"112","fuente":"orlando_barrios"},"geometry":{"type":"MultiPolygon","coordinates":[[[[-81.38218,28.51275],[-81.38056,28.51273],[-81.38049,28.50923],[-81.38144,28.50924],[-81.38144,28.50874],[-81.38183,28.50874],[-81.38182,28.50792],[-81.3822,28.50735],[-81.38183,28.50601],[-81.38453,28.50602],[-81.38464,28.51125],[-81.38454,28.51323],[-81.38414,28.51292],[-81.38429,28.51214],[-81.38284,28.51214],[-81.38298,28.51275],[-81.38218,28.51275]]]]}},{"type":"Feature","properties":{"nombre":"Bryn Mawr","id":"7","fuente":"orlando_barrios"},"geometry":{"type":"MultiPolygon","coordinates":[[[[-81.31457,28.51491],[-81.31441,28.50618],[-81.33106,28.50612],[-81.33093,28.51059],[-81.32679,28.51062],[-81.32681,28.51335],[-81.32513,28.51336],[-81.3251,28.51155],[-81.31856,28.51159],[-81.31859,28.51532],[-81.31645,28.51534],[-81.31646,28.51645],[-81.31502,28.51645],[-81.31501,28.51491],[-81.31457,28.51491]]]]}},{"type":"Feature","properties":{"nombre":"Lake Davis/Greenwood","id":"40","fuente":"orlando_barrios"},"geometry":{"type":"MultiPolygon","coordinates":[[[[-81.36039,28.53132],[-81.36415,28.53129],[-81.36412,28.52769],[-81.36534,28.52802],[-81.36824,28.52761],[-81.36827,28.53051],[-81.36867,28.5317],[-81.36829,28.53248],[-81.36836,28.53715],[-81.36426,28.53721],[-81.35967,28.53816],[-81.35598,28.53819],[-81.35589,28.53137],[-81.36039,28.53132]]]]}},{"type":"Feature","properties":{"nombre":"Eagles Nest","id":"26","fuente":"orlando_barrios"},"geometry":{"type":"MultiPolygon","coordinates":[[[[-81.44279,28.51533],[-81.44269,28.50646],[-81.44413,28.50531],[-81.44546,28.50483],[-81.45469,28.50471],[-81.45495,28.52308],[-81.44292,28.52339],[-81.44279,28.51533]]]]}},{"type":"Feature","properties":{"nombre":"Countryside","id":"17","fuente":"orlando_barrios"},"geometry":{"type":"MultiPolygon","coordinates":[[[[-81.30908,28.48062],[-81.31042,28.48062],[-81.31048,28.48793],[-81.3044,28.48796],[-81.30439,28.48625],[-81.30219,28.48626],[-81.30218,28.48385],[-81.30618,28.48392],[-81.30683,28.48374],[-81.30662,28.48077],[-81.30908,28.48076],[-81.30908,28.48062]]]]}},{"type":"Feature","properties":{"nombre":"Central Business District","id":"11","fuente":"orlando_barrios"},"geometry":{"type":"MultiPolygon","coordinates":[[[[-81.37692,28.55312],[-81.37686,28.54761],[-81.37602,28.54762],[-81.37601,28.54568],[-81.37377,28.54571],[-81.37461,28.54536],[-81.37533,28.54482],[-81.37599,28.54481],[-81.37597,28.54296],[-81.37491,28.5422],[-81.3729,28.54225],[-81.37285,28.53915],[-81.37263,28.53916],[-81.37255,28.53845],[-81.37325,28.53845],[-81.37307,28.53759],[-81.3725,28.53719],[-81.3721,28.53712],[-81.37392,28.53707],[-81.37585,28.53668],[-81.37839,28.53577],[-81.38033,28.53539],[-81.38329,28.53529],[-81.383,28.53576],[-81.38256,28.53837],[-81.38285,28.53837],[-81.38311,28.55302],[-81.37692,28.55312]]]]}},{"type":"Feature","properties":{"nombre":"Dover Manor","id":"23","fuente":"orlando_barrios"},"geometry":{"type":"MultiPolygon","coordinates":[[[[-81.31884,28.53038],[-81.31769,28.53031],[-81.31765,28.5262],[-81.31782,28.52619],[-81.31779,28.52436],[-81.32481,28.52431],[-81.32496,28.53164],[-81.31886,28.53167],[-81.31884,28.53038]]]]}},{"type":"Feature","properties":{"nombre":"Windhover","id":"96","fuente":"orlando_barrios"},"geometry":{"type":"MultiPolygon","coordinates":[[[[-81.45895,28.48974],[-81.45886,28.48287],[-81.46668,28.48286],[-81.46676,28.48643],[-81.46691,28.48643],[-81.46692,28.48672],[-81.46692,28.49195],[-81.46338,28.49197],[-81.46548,28.49337],[-81.46693,28.49346],[-81.46693,28.49371],[-81.4649,28.49373],[-81.45895,28.48974]]]]}},{"type":"Feature","properties":{"nombre":"Orwin Manor","id":"63","fuente":"orlando_barrios"},"geometry":{"type":"MultiPolygon","coordinates":[[[[-81.37305,28.58235],[-81.37009,28.58233],[-81.36951,28.58182],[-81.36872,28.58233],[-81.35772,28.58224],[-81.3577,28.58178],[-81.35731,28.58121],[-81.35663,28.5816],[-81.35657,28.57861],[-81.35245,28.57866],[-81.35243,28.57736],[-81.36445,28.57741],[-81.36447,28.57312],[-81.36603,28.57376],[-81.36717,28.57384],[-81.36878,28.57363],[-81.36874,28.57383],[-81.369,28.57393],[-81.36911,28.57421],[-81.36842,28.57534],[-81.3681,28.57564],[-81.36666,28.57572],[-81.36614,28.5759],[-81.36597,28.57633],[-81.3661,28.57667],[-81.36675,28.57724],[-81.36934,28.57863],[-81.37057,28.57862],[-81.37088,28.57911],[-81.37302,28.57904],[-81.37305,28.58235]]]]}},{"type":"Feature","properties":{"nombre":"South Semoran","id":"81","fuente":"orlando_barrios"},"geometry":{"type":"MultiPolygon","coordinates":[[[[-81.30998,28.50983],[-81.30992,28.50273],[-81.30611,28.50274],[-81.30609,28.49528],[-81.30401,28.4953],[-81.30396,28.48796],[-81.31429,28.48792],[-81.31432,28.49693],[-81.31803,28.49691],[-81.31806,28.50067],[-81.31849,28.50066],[-81.31852,28.50615],[-81.31441,28.50618],[-81.31457,28.51573],[-81.31035,28.51577],[-81.31031,28.50983],[-81.30998,28.50983]]]]}},{"type":"Feature","properties":{"nombre":"Park Central","id":"110","fuente":"orlando_barrios"},"geometry":{"type":"MultiPolygon","coordinates":[[[[-81.40939,28.49423],[-81.40937,28.49067],[-81.40987,28.49067],[-81.40985,28.48877],[-81.41212,28.48875],[-81.41211,28.48712],[-81.41459,28.4871],[-81.4146,28.48836],[-81.41642,28.48894],[-81.41642,28.48971],[-81.41782,28.48966],[-81.41802,28.49146],[-81.41674,28.49147],[-81.41667,28.49375],[-81.41418,28.49378],[-81.41419,28.49419],[-81.40939,28.49423]]],[[[-81.40906,28.49795],[-81.40905,28.49742],[-81.40929,28.49737],[-81.41238,28.49759],[-81.41247,28.49736],[-81.41217,28.49704],[-81.41065,28.49659],[-81.41067,28.49631],[-81.41085,28.49619],[-81.41025,28.49454],[-81.4099,28.49455],[-81.40982,28.49498],[-81.40914,28.49518],[-81.40932,28.49442],[-81.41036,28.49441],[-81.4106,28.49506],[-81.41137,28.49494],[-81.41145,28.49457],[-81.41207,28.49456],[-81.41208,28.4949],[-81.41065,28.4952],[-81.41099,28.49612],[-81.41246,28.49655],[-81.41311,28.49739],[-81.41312,28.49794],[-81.40838,28.49799],[-81.40906,28.49795]]]]}},{"type":"Feature","properties":{"nombre":"Southern Oaks","id":"82","fuente":"orlando_barrios"},"geometry":{"type":"MultiPolygon","coordinates":[[[[-81.36804,28.50661],[-81.36427,28.50668],[-81.36391,28.50683],[-81.36389,28.50308],[-81.35987,28.50311],[-81.35983,28.49761],[-81.36321,28.49757],[-81.36589,28.4948],[-81.3639,28.49847],[-81.36393,28.49858],[-81.36591,28.49856],[-81.36594,28.5021],[-81.36787,28.50208],[-81.36804,28.50661]]]]}},{"type":"Feature","properties":{"nombre":"Florida Center","id":"30","fuente":"orlando_barrios"},"geometry":{"type":"MultiPolygon","coordinates":[[[[-81.4398,28.4684],[-81.43565,28.46485],[-81.42799,28.46494],[-81.42799,28.46475],[-81.41903,28.46472],[-81.42296,28.46065],[-81.42325,28.4606],[-81.42416,28.46131],[-81.42472,28.46075],[-81.42382,28.46004],[-81.42671,28.45704],[-81.43305,28.46254],[-81.43487,28.4609],[-81.43487,28.46035],[-81.43546,28.45978],[-81.43551,28.45916],[-81.43531,28.45861],[-81.43462,28.45844],[-81.43439,28.4579],[-81.4351,28.45698],[-81.43481,28.45645],[-81.43479,28.456],[-81.43581,28.45478],[-81.43611,28.45377],[-81.43703,28.45355],[-81.43702,28.45219],[-81.43666,28.45188],[-81.43663,28.45055],[-81.4412,28.45051],[-81.44121,28.4513],[-81.44203,28.4513],[-81.44212,28.46119],[-81.44254,28.46126],[-81.45039,28.46122],[-81.45032,28.44977],[-81.46264,28.44968],[-81.46264,28.44985],[-81.46468,28.44984],[-81.46466,28.44752],[-81.46593,28.44753],[-81.46556,28.44983],[-81.46672,28.44983],[-81.46666,28.45737],[-81.47439,28.4573],[-81.47481,28.45481],[-81.47722,28.45518],[-81.47747,28.45488],[-81.47746,28.45366],[-81.47965,28.45364],[-81.48113,28.45431],[-81.48115,28.45727],[-81.4791,28.45727],[-81.47911,28.46077],[-81.48117,28.46077],[-81.48118,28.4638],[-81.47751,28.46369],[-81.47751,28.46287],[-81.47659,28.46288],[-81.47659,28.46249],[-81.47564,28.46249],[-81.47564,28.46282],[-81.47507,28.46283],[-81.47507,28.46365],[-81.47577,28.46365],[-81.47577,28.46409],[-81.47508,28.46409],[-81.4751,28.46801],[-81.47914,28.46799],[-81.47916,28.47165],[-81.47899,28.47165],[-81.479,28.4722],[-81.48013,28.47245],[-81.48089,28.47235],[-81.48065,28.47325],[-81.48027,28.47357],[-81.47853,28.47414],[-81.47657,28.47516],[-81.47523,28.4752],[-81.47511,28.47508],[-81.47508,28.4788],[-81.47574,28.48081],[-81.47551,28.48088],[-81.47524,28.48064],[-81.47485,28.4806],[-81.46885,28.48277],[-81.46774,28.483],[-81.46668,28.48304],[-81.46668,28.48286],[-81.45886,28.48287],[-81.45895,28.48974],[-81.45671,28.48811],[-81.45502,28.48642],[-81.44438,28.47216],[-81.44177,28.46937],[-81.44177,28.47012],[-81.4398,28.4684]],[[-81.44041,28.45498],[-81.44062,28.45497],[-81.44062,28.45489],[-81.44041,28.45489],[-81.44041,28.45498]],[[-81.42495,28.46214],[-81.4249,28.46219],[-81.42498,28.46225],[-81.42503,28.46221],[-81.42495,28.46214]]]]}},{"type":"Feature","properties":{"nombre":"Park Lake/Highland","id":"45","fuente":"orlando_barrios"},"geometry":{"type":"MultiPolygon","coordinates":[[[[-81.36445,28.56404],[-81.36446,28.55316],[-81.37373,28.55313],[-81.37369,28.5609],[-81.37272,28.56225],[-81.37234,28.56408],[-81.36445,28.56404]]]]}},{"type":"Feature","properties":{"nombre":"Lake Dot","id":"41","fuente":"orlando_barrios"},"geometry":{"type":"MultiPolygon","coordinates":[[[[-81.38311,28.55302],[-81.38305,28.54939],[-81.38499,28.54938],[-81.38662,28.54982],[-81.38881,28.54932],[-81.39745,28.54931],[-81.39744,28.55003],[-81.39682,28.551],[-81.39576,28.55208],[-81.39558,28.55292],[-81.38311,28.55302]]]]}},{"type":"Feature","properties":{"nombre":"The Dovers","id":"85","fuente":"orlando_barrios"},"geometry":{"type":"MultiPolygon","coordinates":[[[[-81.32082,28.53166],[-81.32496,28.53164],[-81.32508,28.5392],[-81.32297,28.53955],[-81.32293,28.53529],[-81.32086,28.5353],[-81.32082,28.53166]]]]}},{"type":"Feature","properties":{"nombre":"Westfield","id":"95","fuente":"orlando_barrios"},"geometry":{"type":"MultiPolygon","coordinates":[[[[-81.408,28.54424],[-81.40564,28.54426],[-81.40559,28.54013],[-81.41,28.5401],[-81.40969,28.54018],[-81.40971,28.54116],[-81.41033,28.54099],[-81.41034,28.54152],[-81.41073,28.54151],[-81.41073,28.54182],[-81.40972,28.54183],[-81.40977,28.5446],[-81.408,28.54424]]],[[[-81.41031,28.54199],[-81.41068,28.54198],[-81.41068,28.54231],[-81.41032,28.54232],[-81.41031,28.54199]]]]}},{"type":"Feature","properties":{"nombre":"Northlake Park at Lake Nona","id":"118","fuente":"orlando_barrios"},"geometry":{"type":"MultiPolygon","coordinates":[[[[-81.2563,28.4292],[-81.25527,28.42793],[-81.2497,28.4235],[-81.25139,28.42211],[-81.25167,28.42147],[-81.2522,28.4215],[-81.25314,28.42194],[-81.25376,28.42193],[-81.25307,28.4212],[-81.25336,28.42025],[-81.25385,28.41992],[-81.25411,28.41944],[-81.25468,28.41937],[-81.25548,28.41971],[-81.25574,28.41954],[-81.2575,28.4203],[-81.25744,28.42011],[-81.25872,28.41965],[-81.25892,28.41966],[-81.25911,28.42011],[-81.26083,28.42019],[-81.26099,28.42034],[-81.26146,28.42004],[-81.26194,28.42015],[-81.2635,28.4195],[-81.26386,28.41915],[-81.26626,28.41921],[-81.26638,28.41992],[-81.26856,28.41995],[-81.2697,28.41948],[-81.26966,28.41838],[-81.27225,28.41745],[-81.27171,28.41623],[-81.27133,28.41459],[-81.27672,28.41461],[-81.27673,28.42203],[-81.26852,28.42202],[-81.26848,28.4292],[-81.2563,28.4292]]]]}},{"type":"Feature","properties":{"nombre":"South Eola","id":"79","fuente":"orlando_barrios"},"geometry":{"type":"MultiPolygon","coordinates":[[[[-81.36836,28.53715],[-81.3721,28.53712],[-81.3725,28.53719],[-81.37307,28.53759],[-81.37325,28.53845],[-81.37255,28.53845],[-81.37263,28.53916],[-81.37285,28.53915],[-81.3729,28.54225],[-81.37491,28.5422],[-81.37597,28.54296],[-81.37599,28.54481],[-81.37533,28.54482],[-81.37461,28.54536],[-81.37377,28.54571],[-81.36852,28.54577],[-81.36836,28.53715]]]]}},{"type":"Feature","properties":{"nombre":"Lake Terrace","id":"97","fuente":"orlando_barrios"},"geometry":{"type":"MultiPolygon","coordinates":[[[[-81.34078,28.5242],[-81.34022,28.5242],[-81.34022,28.52368],[-81.3403,28.52388],[-81.34061,28.52388],[-81.34061,28.52367],[-81.34074,28.52367],[-81.34073,28.52237],[-81.34135,28.52236],[-81.34136,28.52324],[-81.3435,28.52324],[-81.34348,28.51907],[-81.34686,28.51904],[-81.34685,28.51773],[-81.34738,28.51773],[-81.34741,28.52217],[-81.34756,28.52217],[-81.34766,28.52194],[-81.34765,28.52056],[-81.35009,28.52054],[-81.3501,28.52312],[-81.35059,28.52311],[-81.35059,28.52399],[-81.34397,28.52408],[-81.34397,28.52367],[-81.3435,28.52368],[-81.3435,28.52418],[-81.34078,28.5242]]],[[[-81.35169,28.51682],[-81.34872,28.51682],[-81.34871,28.51593],[-81.34901,28.51593],[-81.34901,28.51504],[-81.35156,28.51501],[-81.35157,28.51331],[-81.35168,28.51331],[-81.35169,28.51682]]],[[[-81.35074,28.52338],[-81.35074,28.52325],[-81.35157,28.52324],[-81.35156,28.52395],[-81.35075,28.52398],[-81.35074,28.52338]]],[[[-81.34781,28.52427],[-81.348,28.52427],[-81.34801,28.52516],[-81.34771,28.52516],[-81.3477,28.52435],[-81.34781,28.52427]]]]}},{"type":"Feature","properties":{"nombre":"Orlando Executive Airport","id":"901","fuente":"orlando_barrios"},"geometry":{"type":"MultiPolygon","coordinates":[[[[-81.31281,28.55358],[-81.31277,28.54994],[-81.31897,28.54988],[-81.31888,28.5426],[-81.31479,28.54263],[-81.31472,28.53963],[-81.3193,28.53988],[-81.32145,28.53975],[-81.32929,28.53836],[-81.34173,28.5384],[-81.34271,28.53875],[-81.34252,28.53967],[-81.34361,28.53963],[-81.34383,28.54606],[-81.3456,28.54602],[-81.34563,28.54955],[-81.3454,28.55017],[-81.34482,28.55087],[-81.34464,28.55144],[-81.34368,28.55144],[-81.34369,28.55062],[-81.33966,28.55072],[-81.33951,28.55255],[-81.33831,28.55257],[-81.33828,28.55152],[-81.3355,28.55164],[-81.32052,28.55163],[-81.32043,28.55242],[-81.31974,28.553],[-81.31925,28.5532],[-81.31739,28.55354],[-81.31281,28.55358]]]]}},{"type":"Feature","properties":{"nombre":"Richmond Heights","id":"68","fuente":"orlando_barrios"},"geometry":{"type":"MultiPolygon","coordinates":[[[[-81.43432,28.52706],[-81.43336,28.52705],[-81.43336,28.52764],[-81.43274,28.52743],[-81.43274,28.52706],[-81.43233,28.52706],[-81.43231,28.52332],[-81.42608,28.52338],[-81.42599,28.51581],[-81.4428,28.51574],[-81.44292,28.52339],[-81.43807,28.52335],[-81.43808,28.52708],[-81.43432,28.52706]]]]}},{"type":"Feature","properties":{"nombre":"Dixie Belle","id":"21","fuente":"orlando_barrios"},"geometry":{"type":"MultiPolygon","coordinates":[[[[-81.31041,28.52356],[-81.31035,28.51577],[-81.31457,28.51573],[-81.31459,28.51709],[-81.31862,28.51706],[-81.31864,28.52071],[-81.32171,28.52068],[-81.32174,28.52243],[-81.31867,28.52253],[-81.31868,28.52435],[-81.31267,28.52436],[-81.31041,28.52356]]]]}},{"type":"Feature","properties":{"nombre":"Washington Shores","id":"92","fuente":"orlando_barrios"},"geometry":{"type":"MultiPolygon","coordinates":[[[[-81.4179,28.52853],[-81.41793,28.52694],[-81.4261,28.52697],[-81.4262,28.5307],[-81.42609,28.5343],[-81.41797,28.53444],[-81.4179,28.52853]]]]}},{"type":"Feature","properties":{"nombre":"Beltway Commerce Center","id":"119","fuente":"orlando_barrios"},"geometry":{"type":"MultiPolygon","coordinates":[[[[-81.23174,28.48822],[-81.23175,28.48457],[-81.22948,28.48458],[-81.22883,28.4832],[-81.2276,28.48196],[-81.22764,28.46223],[-81.23265,28.4622],[-81.23643,28.46915],[-81.23763,28.47217],[-81.23717,28.47226],[-81.23758,28.47387],[-81.23796,28.47379],[-81.23811,28.47534],[-81.23802,28.47733],[-81.23994,28.47742],[-81.24011,28.47807],[-81.23805,28.47784],[-81.2394,28.48062],[-81.23871,28.48062],[-81.23921,28.48257],[-81.24014,28.48238],[-81.24023,28.48257],[-81.24185,28.48956],[-81.23137,28.4896],[-81.23085,28.48822],[-81.23174,28.48822]]],[[[-81.2276,28.48459],[-81.2276,28.48234],[-81.22849,28.48328],[-81.22914,28.48458],[-81.2276,28.48459]]]]}},{"type":"Feature","properties":{"nombre":"Lorna Doone","id":"53","fuente":"orlando_barrios"},"geometry":{"type":"MultiPolygon","coordinates":[[[[-81.3973,28.54386],[-81.39725,28.53102],[-81.40538,28.53095],[-81.40542,28.53635],[-81.41066,28.54017],[-81.41016,28.54017],[-81.41017,28.54048],[-81.41001,28.54048],[-81.41,28.5401],[-81.40559,28.54013],[-81.40564,28.54426],[-81.40351,28.5442],[-81.40098,28.54383],[-81.3973,28.54386]]]]}},{"type":"Feature","properties":{"nombre":"Kirkman South","id":"36","fuente":"orlando_barrios"},"geometry":{"type":"MultiPolygon","coordinates":[[[[-81.45472,28.50121],[-81.45458,28.49414],[-81.45894,28.49391],[-81.45895,28.48974],[-81.4649,28.49373],[-81.46693,28.49371],[-81.46693,28.49346],[-81.46757,28.49348],[-81.46754,28.49193],[-81.46692,28.49195],[-81.46691,28.48643],[-81.47085,28.48644],[-81.47101,28.49009],[-81.47513,28.49009],[-81.47531,28.49739],[-81.47944,28.49737],[-81.47947,28.49947],[-81.47741,28.49846],[-81.47465,28.4974],[-81.4716,28.49742],[-81.46785,28.49607],[-81.46666,28.49545],[-81.46619,28.49547],[-81.4656,28.49593],[-81.46532,28.49669],[-81.46477,28.49701],[-81.46361,28.49904],[-81.46314,28.50055],[-81.46275,28.5012],[-81.46289,28.50145],[-81.46213,28.50292],[-81.46198,28.50402],[-81.46221,28.50467],[-81.45469,28.50471],[-81.45472,28.50121]],[[-81.46324,28.49326],[-81.46292,28.49304],[-81.46292,28.49357],[-81.46351,28.49348],[-81.46327,28.49342],[-81.46324,28.49326]]]]}},{"type":"Feature","properties":{"nombre":"Audubon Park","id":"3","fuente":"orlando_barrios"},"geometry":{"type":"MultiPolygon","coordinates":[[[[-81.34556,28.56863],[-81.34556,28.56822],[-81.34453,28.56823],[-81.34453,28.56797],[-81.3439,28.56798],[-81.34385,28.56867],[-81.3434,28.56867],[-81.34338,28.56798],[-81.33581,28.56787],[-81.33375,28.56802],[-81.33354,28.56088],[-81.33367,28.56102],[-81.34481,28.561],[-81.34482,28.56135],[-81.34804,28.56132],[-81.34803,28.56056],[-81.35009,28.56053],[-81.35016,28.55871],[-81.35212,28.55869],[-81.35212,28.55964],[-81.35166,28.56052],[-81.35176,28.5679],[-81.35008,28.56792],[-81.35009,28.5682],[-81.34973,28.56821],[-81.34923,28.56821],[-81.34923,28.56793],[-81.34854,28.56793],[-81.34855,28.56822],[-81.34815,28.56824],[-81.34776,28.56813],[-81.34776,28.56794],[-81.34659,28.56795],[-81.34665,28.56871],[-81.346,28.56862],[-81.34601,28.56917],[-81.34557,28.56918],[-81.34556,28.56863]]]]}},{"type":"Feature","properties":{"nombre":"Dover Estates","id":"22","fuente":"orlando_barrios"},"geometry":{"type":"MultiPolygon","coordinates":[[[[-81.31868,28.52435],[-81.31867,28.52253],[-81.32174,28.52243],[-81.32174,28.52212],[-81.32171,28.52068],[-81.31864,28.52071],[-81.31862,28.51706],[-81.32684,28.51704],[-81.32686,28.51881],[-81.32913,28.5188],[-81.32914,28.52063],[-81.32818,28.52063],[-81.32818,28.52428],[-81.31868,28.52435]]]]}},{"type":"Feature","properties":{"nombre":"Kirkman North","id":"35","fuente":"orlando_barrios"},"geometry":{"type":"MultiPolygon","coordinates":[[[[-81.45775,28.53744],[-81.45783,28.5359],[-81.45708,28.5359],[-81.45708,28.53504],[-81.45523,28.53505],[-81.45523,28.53582],[-81.45214,28.53583],[-81.45212,28.53501],[-81.45298,28.535],[-81.45296,28.53421],[-81.45522,28.53419],[-81.45521,28.53397],[-81.4548,28.53397],[-81.45479,28.52308],[-81.45495,28.52308],[-81.45469,28.50471],[-81.45888,28.50468],[-81.45931,28.53042],[-81.45925,28.53194],[-81.45902,28.53313],[-81.46113,28.53315],[-81.46115,28.53361],[-81.46068,28.53361],[-81.46069,28.53399],[-81.46116,28.53399],[-81.46127,28.53692],[-81.4608,28.53693],[-81.46077,28.53782],[-81.46029,28.53784],[-81.46028,28.53732],[-81.45923,28.53734],[-81.45923,28.53783],[-81.45775,28.53785],[-81.45775,28.53744]]]]}},{"type":"Feature","properties":{"nombre":"Rowena Gardens","id":"74","fuente":"orlando_barrios"},"geometry":{"type":"MultiPolygon","coordinates":[[[[-81.36163,28.57122],[-81.36059,28.57152],[-81.36058,28.57028],[-81.35955,28.57006],[-81.3547,28.57013],[-81.35471,28.5703],[-81.35431,28.57031],[-81.35416,28.57014],[-81.35231,28.57017],[-81.35227,28.56777],[-81.35511,28.56773],[-81.35522,28.56758],[-81.35517,28.56571],[-81.36446,28.56561],[-81.36444,28.57046],[-81.36404,28.57046],[-81.36375,28.57109],[-81.36413,28.57143],[-81.36413,28.57205],[-81.36386,28.57224],[-81.36343,28.57215],[-81.36308,28.57181],[-81.36163,28.57122]]]]}},{"type":"Feature","properties":{"nombre":"Bel Air","id":"5","fuente":"orlando_barrios"},"geometry":{"type":"MultiPolygon","coordinates":[[[[-81.35383,28.53139],[-81.35381,28.52955],[-81.35483,28.52956],[-81.35481,28.52764],[-81.35575,28.52764],[-81.35575,28.52641],[-81.35531,28.52641],[-81.35531,28.52627],[-81.35575,28.52627],[-81.35572,28.52399],[-81.35544,28.52399],[-81.35543,28.52372],[-81.35518,28.52372],[-81.35531,28.5237],[-81.35532,28.52292],[-81.35579,28.52292],[-81.35579,28.52241],[-81.35603,28.52241],[-81.35603,28.52225],[-81.35786,28.52224],[-81.35787,28.52359],[-81.35993,28.5236],[-81.35981,28.52553],[-81.35995,28.52582],[-81.36003,28.52778],[-81.36002,28.53133],[-81.35383,28.53139]]]]}},{"type":"Feature","properties":{"nombre":"Rio Grande Park","id":"69","fuente":"orlando_barrios"},"geometry":{"type":"MultiPolygon","coordinates":[[[[-81.40118,28.51076],[-81.40124,28.50676],[-81.40937,28.5067],[-81.40808,28.50882],[-81.40808,28.50909],[-81.41398,28.50905],[-81.41402,28.51294],[-81.40941,28.51294],[-81.40949,28.51797],[-81.40901,28.51799],[-81.4074,28.51653],[-81.40619,28.51704],[-81.40618,28.51581],[-81.40537,28.51583],[-81.40535,28.5127],[-81.40172,28.51257],[-81.40172,28.51216],[-81.40132,28.51216],[-81.4013,28.51076],[-81.40118,28.51076]]]]}},{"type":"Feature","properties":{"nombre":"Monterey","id":"58","fuente":"orlando_barrios"},"geometry":{"type":"MultiPolygon","coordinates":[[[[-81.31302,28.53952],[-81.31044,28.53952],[-81.31043,28.53913],[-81.31056,28.53903],[-81.31041,28.52356],[-81.31267,28.52436],[-81.31779,28.52436],[-81.31782,28.52619],[-81.31765,28.5262],[-81.31769,28.53031],[-81.31884,28.5303],[-81.31886,28.53167],[-81.32082,28.53166],[-81.32086,28.5353],[-81.32293,28.53528],[-81.32297,28.53955],[-81.3193,28.53988],[-81.31302,28.53952]]]]}},{"type":"Feature","properties":{"nombre":"The Willows","id":"86","fuente":"orlando_barrios"},"geometry":{"type":"MultiPolygon","coordinates":[[[[-81.44316,28.57816],[-81.44738,28.5781],[-81.44739,28.58533],[-81.44328,28.58538],[-81.44316,28.57816]]],[[[-81.44078,28.57566],[-81.44302,28.57565],[-81.44305,28.57801],[-81.44082,28.57802],[-81.44078,28.57566]]]]}},{"type":"Feature","properties":{"nombre":"Boggy Creek","id":"6","fuente":"orlando_barrios"},"geometry":{"type":"MultiPolygon","coordinates":[[[[-81.35041,28.42096],[-81.34563,28.41446],[-81.34267,28.41173],[-81.34267,28.41149],[-81.33581,28.40518],[-81.3337,28.40156],[-81.33502,28.40157],[-81.33541,28.40185],[-81.34271,28.40191],[-81.35514,28.40146],[-81.35515,28.40365],[-81.37097,28.40366],[-81.37188,28.40386],[-81.37304,28.40436],[-81.3737,28.40481],[-81.3737,28.40514],[-81.37408,28.40514],[-81.37453,28.40564],[-81.37449,28.40619],[-81.37411,28.40696],[-81.37433,28.40697],[-81.374,28.41206],[-81.37307,28.41427],[-81.37288,28.41424],[-81.3716,28.41752],[-81.37156,28.41792],[-81.37354,28.41792],[-81.37242,28.42157],[-81.36839,28.42158],[-81.36839,28.42136],[-81.36616,28.42136],[-81.36616,28.42081],[-81.36551,28.42095],[-81.36551,28.42137],[-81.35958,28.42139],[-81.35958,28.42161],[-81.35066,28.4216],[-81.35041,28.42096]]],[[[-81.34698,28.43727],[-81.34695,28.42706],[-81.349,28.42707],[-81.34902,28.42901],[-81.35211,28.42901],[-81.35212,28.43077],[-81.35314,28.43077],[-81.35315,28.43276],[-81.35626,28.43276],[-81.35624,28.43081],[-81.3578,28.43082],[-81.35779,28.42992],[-81.35878,28.42993],[-81.35877,28.42903],[-81.35896,28.42902],[-81.35897,28.42993],[-81.35927,28.42993],[-81.35928,28.43278],[-81.36362,28.43275],[-81.36362,28.43374],[-81.36457,28.43373],[-81.3646,28.43635],[-81.36732,28.43641],[-81.36709,28.43811],[-81.36639,28.43824],[-81.36571,28.43808],[-81.3647,28.43732],[-81.3638,28.43717],[-81.3638,28.43607],[-81.36286,28.43607],[-81.36284,28.43455],[-81.35935,28.43458],[-81.35936,28.43617],[-81.35108,28.4362],[-81.3511,28.44014],[-81.347,28.44018],[-81.34698,28.43727]]],[[[-81.35417,28.42883],[-81.35417,28.42709],[-81.35314,28.42708],[-81.35313,28.42525],[-81.35122,28.42525],[-81.35122,28.42432],[-81.35299,28.42433],[-81.35299,28.42354],[-81.35725,28.42355],[-81.35725,28.42336],[-81.35925,28.42241],[-81.35925,28.42344],[-81.35829,28.42344],[-81.35829,28.42711],[-81.35726,28.4271],[-81.35726,28.42885],[-81.35417,28.42883]]],[[[-81.34769,28.42342],[-81.34769,28.42165],[-81.349,28.42165],[-81.349,28.42342],[-81.34769,28.42342]]],[[[-81.35726,28.42311],[-81.35725,28.42166],[-81.35925,28.42167],[-81.35925,28.42216],[-81.35726,28.42311]]]]}},{"type":"Feature","properties":{"nombre":"Richmond Estates","id":"67","fuente":"orlando_barrios"},"geometry":{"type":"MultiPolygon","coordinates":[[[[-81.42599,28.51581],[-81.42596,28.51058],[-81.43422,28.51051],[-81.43422,28.51033],[-81.43644,28.51032],[-81.4366,28.51068],[-81.43566,28.51068],[-81.43579,28.51101],[-81.43648,28.5121],[-81.43711,28.51372],[-81.43794,28.51374],[-81.43796,28.51576],[-81.42599,28.51581]]]]}},{"type":"Feature","properties":{"nombre":"Rose Isle","id":"75","fuente":"orlando_barrios"},"geometry":{"type":"MultiPolygon","coordinates":[[[[-81.35243,28.57736],[-81.35239,28.57499],[-81.35619,28.57496],[-81.3565,28.57461],[-81.35646,28.57133],[-81.36059,28.57129],[-81.36059,28.57152],[-81.36159,28.57121],[-81.36386,28.57224],[-81.36409,28.57212],[-81.36419,28.5717],[-81.36413,28.57143],[-81.36375,28.57109],[-81.36404,28.57046],[-81.36444,28.57046],[-81.36445,28.57741],[-81.35243,28.57736]]]]}},{"type":"Feature","properties":{"nombre":"Conway","id":"16","fuente":"orlando_barrios"},"geometry":{"type":"MultiPolygon","coordinates":[[[[-81.32913,28.5188],[-81.331,28.51878],[-81.33092,28.50799],[-81.33298,28.50797],[-81.3328,28.5117],[-81.33507,28.51151],[-81.33508,28.51274],[-81.33322,28.51275],[-81.33322,28.51324],[-81.33509,28.51334],[-81.33525,28.52181],[-81.33938,28.52178],[-81.33938,28.52238],[-81.33975,28.52237],[-81.33975,28.52272],[-81.33938,28.52272],[-81.33939,28.52412],[-81.33984,28.52412],[-81.33984,28.52368],[-81.34022,28.52368],[-81.34022,28.5242],[-81.32818,28.52428],[-81.32818,28.52063],[-81.32914,28.52063],[-81.32913,28.5188]]]]}},{"type":"Feature","properties":{"nombre":"Colonial Town Center","id":"28","fuente":"orlando_barrios"},"geometry":{"type":"MultiPolygon","coordinates":[[[[-81.34482,28.56135],[-81.34481,28.561],[-81.33367,28.56102],[-81.33354,28.56088],[-81.33348,28.55742],[-81.32981,28.55747],[-81.32983,28.5556],[-81.32766,28.55562],[-81.32765,28.55605],[-81.32734,28.55605],[-81.32734,28.55573],[-81.32622,28.55574],[-81.32622,28.55537],[-81.32669,28.55536],[-81.32669,28.55523],[-81.32612,28.55523],[-81.32612,28.55486],[-81.32732,28.55485],[-81.32732,28.55434],[-81.32751,28.55434],[-81.32737,28.55354],[-81.31739,28.55354],[-81.31961,28.55308],[-81.32043,28.55242],[-81.32052,28.55163],[-81.3355,28.55164],[-81.33828,28.55152],[-81.33831,28.55257],[-81.33951,28.55255],[-81.33966,28.55072],[-81.34369,28.55062],[-81.34368,28.55144],[-81.34464,28.55144],[-81.34482,28.55087],[-81.3454,28.55017],[-81.34563,28.54955],[-81.34787,28.54948],[-81.34782,28.54782],[-81.35199,28.54775],[-81.35206,28.55321],[-81.34794,28.55323],[-81.34795,28.5562],[-81.34588,28.5562],[-81.34592,28.55785],[-81.35029,28.55783],[-81.35009,28.56053],[-81.34803,28.56056],[-81.34804,28.56132],[-81.34482,28.56135]]],[[[-81.32667,28.55698],[-81.32668,28.55624],[-81.3278,28.55624],[-81.32779,28.55698],[-81.32667,28.55698]]]]}},{"type":"Feature","properties":{"nombre":"Lawsona/Fern Creek","id":"52","fuente":"orlando_barrios"},"geometry":{"type":"MultiPolygon","coordinates":[[[[-81.35185,28.53829],[-81.35967,28.53816],[-81.36426,28.53721],[-81.3663,28.53717],[-81.36631,28.53851],[-81.36659,28.5385],[-81.36666,28.54215],[-81.3632,28.54216],[-81.36323,28.54581],[-81.35194,28.54594],[-81.35185,28.53829]]]]}},{"type":"Feature","properties":{"nombre":"Lake Sunset","id":"48","fuente":"orlando_barrios"},"geometry":{"type":"MultiPolygon","coordinates":[[[[-81.41066,28.54017],[-81.40542,28.53635],[-81.40539,28.53205],[-81.41792,28.53174],[-81.41797,28.53444],[-81.41413,28.53453],[-81.41415,28.53599],[-81.41363,28.53811],[-81.41359,28.54012],[-81.41268,28.54014],[-81.41263,28.54044],[-81.41207,28.54045],[-81.41206,28.54015],[-81.41066,28.54017]]]]}},{"type":"Feature","properties":{"nombre":"South Orange","id":"80","fuente":"orlando_barrios"},"geometry":{"type":"MultiPolygon","coordinates":[[[[-81.37751,28.53546],[-81.37729,28.53524],[-81.37672,28.53354],[-81.37653,28.53119],[-81.37632,28.5129],[-81.37729,28.51289],[-81.37728,28.51147],[-81.37683,28.51146],[-81.37681,28.51065],[-81.37644,28.51065],[-81.37641,28.50319],[-81.37802,28.50317],[-81.3775,28.50105],[-81.37694,28.50105],[-81.37695,28.50171],[-81.37635,28.50172],[-81.37631,28.50032],[-81.37656,28.50031],[-81.37656,28.49993],[-81.37632,28.49993],[-81.37614,28.4984],[-81.37707,28.4984],[-81.37741,28.49984],[-81.37842,28.49984],[-81.38007,28.50604],[-81.38183,28.50601],[-81.3822,28.50735],[-81.38182,28.50792],[-81.38183,28.50874],[-81.38144,28.50874],[-81.38144,28.50924],[-81.38049,28.50923],[-81.38047,28.51241],[-81.38082,28.51457],[-81.38219,28.52784],[-81.38274,28.53476],[-81.3826,28.53527],[-81.38104,28.53529],[-81.37819,28.53584],[-81.37751,28.53546]]]]}},{"type":"Feature","properties":{"nombre":"Lake Nona South","id":"115","fuente":"orlando_barrios"},"geometry":{"type":"MultiPolygon","coordinates":[[[[-81.24665,28.37812],[-81.24462,28.37806],[-81.24455,28.36475],[-81.24423,28.36247],[-81.2434,28.36025],[-81.24267,28.35895],[-81.24111,28.35702],[-81.23595,28.35191],[-81.23594,28.35173],[-81.23228,28.34828],[-81.24003,28.34827],[-81.24002,28.34813],[-81.24419,28.34811],[-81.29292,28.34808],[-81.29297,28.35232],[-81.28477,28.35273],[-81.28478,28.35453],[-81.29308,28.35412],[-81.29315,28.3613],[-81.29423,28.3613],[-81.29424,28.36212],[-81.30158,28.36214],[-81.30156,28.36129],[-81.30555,28.36129],[-81.30556,28.36214],[-81.30575,28.36214],[-81.3057,28.35958],[-81.30671,28.35958],[-81.30661,28.35584],[-81.3096,28.35584],[-81.30968,28.35941],[-81.30769,28.35941],[-81.30773,28.36128],[-81.30972,28.36128],[-81.3093,28.38009],[-81.30742,28.38007],[-81.30744,28.38105],[-81.30932,28.38106],[-81.30944,28.38365],[-81.29721,28.3758],[-81.29625,28.3753],[-81.29498,28.37491],[-81.29365,28.37475],[-81.29165,28.37499],[-81.28235,28.37851],[-81.28232,28.37732],[-81.27396,28.38068],[-81.26182,28.38468],[-81.25903,28.38621],[-81.25031,28.39672],[-81.25066,28.39697],[-81.24678,28.40069],[-81.24579,28.40127],[-81.24492,28.40156],[-81.24492,28.39826],[-81.24469,28.39826],[-81.24435,28.39523],[-81.2445,28.37813],[-81.24665,28.37812]]],[[[-81.30969,28.35985],[-81.30891,28.35985],[-81.30891,28.35958],[-81.30969,28.35958],[-81.30969,28.35985]]]]}},{"type":"Feature","properties":{"nombre":"North Orange","id":"62","fuente":"orlando_barrios"},"geometry":{"type":"MultiPolygon","coordinates":[[[[-81.37622,28.59086],[-81.37606,28.59086],[-81.37607,28.59125],[-81.37591,28.59125],[-81.3759,28.59086],[-81.37512,28.59086],[-81.37513,28.59125],[-81.37327,28.59124],[-81.37311,28.58595],[-81.37326,28.58595],[-81.37326,28.5854],[-81.37397,28.58548],[-81.37397,28.58503],[-81.37325,28.58503],[-81.37325,28.58486],[-81.37393,28.58469],[-81.37393,28.58436],[-81.37424,28.58436],[-81.37423,28.5839],[-81.37454,28.5839],[-81.37454,28.58357],[-81.37448,28.58344],[-81.37386,28.58344],[-81.37375,28.58265],[-81.37398,28.58265],[-81.37397,28.58234],[-81.37312,28.58235],[-81.37302,28.57904],[-81.37088,28.57911],[-81.37057,28.57862],[-81.36934,28.57863],[-81.36675,28.57724],[-81.3661,28.57667],[-81.36597,28.57633],[-81.3661,28.57595],[-81.36636,28.57578],[-81.36818,28.5756],[-81.36909,28.5743],[-81.369,28.57393],[-81.36874,28.57383],[-81.36878,28.57363],[-81.3698,28.57395],[-81.37127,28.57411],[-81.37255,28.56752],[-81.37245,28.56416],[-81.37234,28.56408],[-81.3726,28.56256],[-81.37307,28.56162],[-81.3742,28.56047],[-81.37696,28.55904],[-81.377,28.56034],[-81.37826,28.56147],[-81.37864,28.5625],[-81.37597,28.56608],[-81.37576,28.56769],[-81.37581,28.57441],[-81.37508,28.57857],[-81.37517,28.58231],[-81.37613,28.58231],[-81.37614,28.58283],[-81.37562,28.58284],[-81.37563,28.58583],[-81.37615,28.5872],[-81.37726,28.58834],[-81.37731,28.59125],[-81.37622,28.59125],[-81.37622,28.59086]]],[[[-81.37623,28.59177],[-81.37622,28.59139],[-81.377,28.59139],[-81.37701,28.59177],[-81.37623,28.59177]]],[[[-81.37744,28.58972],[-81.37744,28.58957],[-81.37788,28.58995],[-81.37789,28.59018],[-81.37745,28.59019],[-81.37744,28.58972]]]]}},{"type":"Feature","properties":{"nombre":"Carver Shores","id":"9","fuente":"orlando_barrios"},"geometry":{"type":"MultiPolygon","coordinates":[[[[-81.44246,28.52782],[-81.43854,28.52783],[-81.43853,28.52708],[-81.43808,28.52708],[-81.43807,28.52335],[-81.44292,28.52339],[-81.45479,28.52308],[-81.4548,28.52776],[-81.44246,28.52782]]]]}},{"type":"Feature","properties":{"nombre":"Lake Shore Village","id":"98","fuente":"orlando_barrios"},"geometry":{"type":"MultiPolygon","coordinates":[[[[-81.41534,28.59577],[-81.41374,28.59273],[-81.40634,28.59279],[-81.40629,28.58916],[-81.40691,28.58916],[-81.4068,28.58551],[-81.40987,28.58548],[-81.41002,28.58576],[-81.40904,28.58577],[-81.40911,28.58731],[-81.41091,28.58729],[-81.41181,28.58911],[-81.41045,28.58912],[-81.41047,28.59082],[-81.41246,28.59],[-81.41001,28.58534],[-81.41091,28.58533],[-81.41091,28.5856],[-81.41075,28.58568],[-81.41635,28.59634],[-81.41565,28.59635],[-81.41534,28.59577]]]]}},{"type":"Feature","properties":{"nombre":"LaVina","id":"101","fuente":"orlando_barrios"},"geometry":{"type":"MultiPolygon","coordinates":[[[[-81.24416,28.4365],[-81.24377,28.42186],[-81.24381,28.41839],[-81.24481,28.41966],[-81.25493,28.42764],[-81.25589,28.42857],[-81.25658,28.42977],[-81.2569,28.43103],[-81.25723,28.43651],[-81.24416,28.4365]]]]}},{"type":"Feature","properties":{"nombre":"Lake Copeland","id":"39","fuente":"orlando_barrios"},"geometry":{"type":"MultiPolygon","coordinates":[[[[-81.37281,28.5293],[-81.37239,28.52882],[-81.37228,28.52253],[-81.37643,28.52252],[-81.37653,28.53119],[-81.37477,28.53118],[-81.37465,28.53054],[-81.37281,28.5293]]]]}},{"type":"Feature","properties":{"nombre":"Delaney Park","id":"19","fuente":"orlando_barrios"},"geometry":{"type":"MultiPolygon","coordinates":[[[[-81.36851,28.53095],[-81.36827,28.53051],[-81.36824,28.52761],[-81.36534,28.52802],[-81.36345,28.52761],[-81.36251,28.5273],[-81.36123,28.52632],[-81.35995,28.52582],[-81.35984,28.52525],[-81.35992,28.52509],[-81.36199,28.52538],[-81.36416,28.52649],[-81.3658,28.52593],[-81.36585,28.52399],[-81.36669,28.52398],[-81.36663,28.52033],[-81.37228,28.52027],[-81.37239,28.52882],[-81.37281,28.5293],[-81.37283,28.53078],[-81.36851,28.53095]]]]}},{"type":"Feature","properties":{"nombre":"Clear Lake","id":"12","fuente":"orlando_barrios"},"geometry":{"type":"MultiPolygon","coordinates":[[[[-81.40132,28.531],[-81.40125,28.5274],[-81.40446,28.52737],[-81.40398,28.52733],[-81.40413,28.52644],[-81.40624,28.52644],[-81.40624,28.52729],[-81.40942,28.52723],[-81.40937,28.5234],[-81.40956,28.52339],[-81.40953,28.52074],[-81.41789,28.52072],[-81.41792,28.53174],[-81.40539,28.53205],[-81.40538,28.53095],[-81.40132,28.531]]]]}},{"type":"Feature","properties":{"nombre":"Hibiscus","id":"32","fuente":"orlando_barrios"},"geometry":{"type":"MultiPolygon","coordinates":[[[[-81.31051,28.5463],[-81.31051,28.54691],[-81.31004,28.54691],[-81.31005,28.54722],[-81.31052,28.54722],[-81.31053,28.54803],[-81.30966,28.54804],[-81.30966,28.54904],[-81.30903,28.54905],[-81.30904,28.54997],[-81.30863,28.54997],[-81.30866,28.55277],[-81.30889,28.55276],[-81.30907,28.55299],[-81.30888,28.55304],[-81.30888,28.55353],[-81.3066,28.55355],[-81.30657,28.54998],[-81.30816,28.54997],[-81.30814,28.54817],[-81.30758,28.54817],[-81.30759,28.5491],[-81.30808,28.54906],[-81.30808,28.54981],[-81.30553,28.54983],[-81.30552,28.54818],[-81.30655,28.54818],[-81.30653,28.54633],[-81.30835,28.54632],[-81.30835,28.54593],[-81.30844,28.54632],[-81.30884,28.54632],[-81.30884,28.54593],[-81.30972,28.54592],[-81.30996,28.54592],[-81.30996,28.54631],[-81.31051,28.5463]]]]}},{"type":"Feature","properties":{"nombre":"Lake Mann Estates","id":"20","fuente":"orlando_barrios"},"geometry":{"type":"MultiPolygon","coordinates":[[[[-81.41359,28.54012],[-81.41363,28.53811],[-81.41415,28.53599],[-81.41413,28.53453],[-81.42609,28.5343],[-81.42608,28.53793],[-81.42221,28.53802],[-81.42215,28.54173],[-81.4139,28.54177],[-81.41382,28.54057],[-81.4146,28.54056],[-81.4146,28.54009],[-81.41359,28.54012]]]]}},{"type":"Feature","properties":{"nombre":"Crescent Park","id":"60","fuente":"orlando_barrios"},"geometry":{"type":"MultiPolygon","coordinates":[[[[-81.33088,28.46582],[-81.33084,28.45865],[-81.33882,28.45861],[-81.33887,28.46519],[-81.33868,28.46562],[-81.33828,28.46579],[-81.33088,28.46582]]]]}},{"type":"Feature","properties":{"nombre":"33rd St. Industrial","id":"1","fuente":"orlando_barrios"},"geometry":{"type":"MultiPolygon","coordinates":[[[[-81.42393,28.50703],[-81.42377,28.50703],[-81.42377,28.5069],[-81.42213,28.50691],[-81.42202,28.50705],[-81.42221,28.50705],[-81.42222,28.50744],[-81.42253,28.50744],[-81.42254,28.50782],[-81.42115,28.5079],[-81.42066,28.50835],[-81.41951,28.50748],[-81.42114,28.5065],[-81.42569,28.50148],[-81.45472,28.50121],[-81.45469,28.50471],[-81.44584,28.50478],[-81.44473,28.50503],[-81.44389,28.50546],[-81.44269,28.50646],[-81.44274,28.50996],[-81.43873,28.50999],[-81.43874,28.5103],[-81.43422,28.51033],[-81.43422,28.51051],[-81.42596,28.51058],[-81.42593,28.50878],[-81.42457,28.5088],[-81.42456,28.50832],[-81.42394,28.50833],[-81.42393,28.50742],[-81.42424,28.50741],[-81.42424,28.50703],[-81.42393,28.50703]],[[-81.42675,28.50574],[-81.42673,28.50546],[-81.42589,28.50547],[-81.42588,28.5052],[-81.42361,28.50522],[-81.42293,28.506],[-81.42589,28.50597],[-81.4259,28.50688],[-81.42636,28.50687],[-81.42699,28.50602],[-81.42675,28.50574]]],[[[-81.42377,28.50703],[-81.42377,28.50723],[-81.42346,28.50723],[-81.42346,28.50742],[-81.42378,28.50742],[-81.42378,28.5078],[-81.42316,28.50781],[-81.42315,28.50743],[-81.42284,28.50743],[-81.42284,28.50704],[-81.42377,28.50703]]]]}},{"type":"Feature","properties":{"nombre":"Timberleaf","id":"88","fuente":"orlando_barrios"},"geometry":{"type":"MultiPolygon","coordinates":[[[[-81.44247,28.52801],[-81.44246,28.52782],[-81.4548,28.52776],[-81.4548,28.53397],[-81.45456,28.53398],[-81.45456,28.53411],[-81.44273,28.53431],[-81.44272,28.52862],[-81.44288,28.52862],[-81.44286,28.52806],[-81.44319,28.528],[-81.44247,28.52801]]]]}},{"type":"Feature","properties":{"nombre":"Lake Richmond","id":"47","fuente":"orlando_barrios"},"geometry":{"type":"MultiPolygon","coordinates":[[[[-81.43796,28.51449],[-81.43794,28.51374],[-81.43711,28.51372],[-81.43672,28.5126],[-81.43566,28.51068],[-81.4366,28.51068],[-81.43644,28.51032],[-81.43874,28.5103],[-81.43873,28.50999],[-81.44274,28.50996],[-81.4428,28.51574],[-81.43796,28.51576],[-81.43796,28.51449]]]]}},{"type":"Feature","properties":{"nombre":"Wadeview Park","id":"91","fuente":"orlando_barrios"},"geometry":{"type":"MultiPolygon","coordinates":[[[[-81.37227,28.52164],[-81.37228,28.52027],[-81.35787,28.52046],[-81.35784,28.51876],[-81.35909,28.51876],[-81.35909,28.5195],[-81.35982,28.51949],[-81.35982,28.51936],[-81.35947,28.51936],[-81.35947,28.5192],[-81.35982,28.51919],[-81.35981,28.5173],[-81.35894,28.5173],[-81.35894,28.51678],[-81.35872,28.51678],[-81.35871,28.51663],[-81.35871,28.5163],[-81.3592,28.51628],[-81.35909,28.51544],[-81.35938,28.51544],[-81.35937,28.51516],[-81.35981,28.51515],[-81.3598,28.51488],[-81.35938,28.51488],[-81.35937,28.51444],[-81.3598,28.51444],[-81.35979,28.51416],[-81.35887,28.51403],[-81.35887,28.51358],[-81.35785,28.51358],[-81.35786,28.51397],[-81.35755,28.51397],[-81.35754,28.51368],[-81.3573,28.51368],[-81.3573,28.51347],[-81.35677,28.51348],[-81.35677,28.51415],[-81.3561,28.51415],[-81.3561,28.51374],[-81.35508,28.51375],[-81.35508,28.51329],[-81.35448,28.51329],[-81.35449,28.51362],[-81.35492,28.51361],[-81.35492,28.51375],[-81.354,28.51376],[-81.354,28.5133],[-81.35157,28.51324],[-81.35993,28.51313],[-81.35994,28.51348],[-81.36003,28.51325],[-81.36185,28.51326],[-81.36185,28.51382],[-81.36098,28.51399],[-81.36097,28.51357],[-81.36039,28.51358],[-81.3604,28.51399],[-81.35995,28.51399],[-81.35996,28.51534],[-81.36087,28.5152],[-81.36087,28.51548],[-81.35997,28.51548],[-81.36,28.51669],[-81.36393,28.51665],[-81.36391,28.51527],[-81.36307,28.51528],[-81.36307,28.51547],[-81.36246,28.51547],[-81.36246,28.5152],[-81.36202,28.5152],[-81.36202,28.51506],[-81.3629,28.51506],[-81.36289,28.51486],[-81.3639,28.51485],[-81.3639,28.51459],[-81.36306,28.51459],[-81.36306,28.51433],[-81.36389,28.51432],[-81.36389,28.51406],[-81.36305,28.51407],[-81.36305,28.51376],[-81.36389,28.51376],[-81.36389,28.51354],[-81.36305,28.51365],[-81.36287,28.51353],[-81.36288,28.51381],[-81.36201,28.51395],[-81.36205,28.51323],[-81.36229,28.51323],[-81.3623,28.51353],[-81.36258,28.51353],[-81.36258,28.51323],[-81.36686,28.51318],[-81.36686,28.51349],[-81.36699,28.51348],[-81.36701,28.51576],[-81.36686,28.51604],[-81.36702,28.51669],[-81.36812,28.51668],[-81.36809,28.51314],[-81.36732,28.51305],[-81.37632,28.5129],[-81.37643,28.52252],[-81.37228,28.52253],[-81.37227,28.52164]]],[[[-81.36205,28.51582],[-81.36205,28.51562],[-81.36268,28.51562],[-81.36247,28.51582],[-81.36205,28.51582]]]]}},{"type":"Feature","properties":{"nombre":"Roosevelt Park","id":"71","fuente":"orlando_barrios"},"geometry":{"type":"MultiPolygon","coordinates":[[[[-81.4261,28.52697],[-81.42608,28.52338],[-81.43231,28.52332],[-81.43233,28.52706],[-81.42611,28.52712],[-81.4261,28.52697]]]]}},{"type":"Feature","properties":{"nombre":"Seaboard Industrial","id":"76","fuente":"orlando_barrios"},"geometry":{"type":"MultiPolygon","coordinates":[[[[-81.44119,28.58909],[-81.42479,28.58902],[-81.42476,28.58621],[-81.42362,28.58621],[-81.42361,28.58547],[-81.42475,28.58546],[-81.42475,28.5853],[-81.42374,28.5853],[-81.42373,28.58475],[-81.42474,28.58475],[-81.4247,28.5818],[-81.43106,28.58171],[-81.43098,28.57874],[-81.4316,28.57874],[-81.43159,28.57813],[-81.44305,28.57801],[-81.44316,28.57816],[-81.44327,28.58404],[-81.44324,28.5891],[-81.44119,28.58909]]]]}},{"type":"Feature","properties":{"nombre":"Lake Eola Heights","id":"42","fuente":"orlando_barrios"},"geometry":{"type":"MultiPolygon","coordinates":[[[[-81.36446,28.55316],[-81.36438,28.54581],[-81.37601,28.54568],[-81.37602,28.54762],[-81.37686,28.54761],[-81.37692,28.55312],[-81.36446,28.55316]]]]}},{"type":"Feature","properties":{"nombre":"Camellia Gardens","id":"108","fuente":"orlando_barrios"},"geometry":{"type":"MultiPolygon","coordinates":[[[[-81.43929,28.47229],[-81.43932,28.47576],[-81.43805,28.47578],[-81.43805,28.47395],[-81.4339,28.47401],[-81.4339,28.47232],[-81.43929,28.47229]]]]}},{"type":"Feature","properties":{"nombre":"Mercy Drive","id":"56","fuente":"orlando_barrios"},"geometry":{"type":"MultiPolygon","coordinates":[[[[-81.42646,28.56619],[-81.42639,28.55992],[-81.42845,28.55991],[-81.42845,28.55975],[-81.42532,28.55978],[-81.42529,28.55768],[-81.42636,28.55766],[-81.42634,28.55626],[-81.43663,28.55618],[-81.43668,28.55978],[-81.43812,28.55977],[-81.43821,28.56698],[-81.43676,28.56699],[-81.43685,28.57023],[-81.43513,28.57195],[-81.43493,28.57233],[-81.43491,28.57437],[-81.4346,28.57437],[-81.4346,28.57475],[-81.43431,28.57527],[-81.43427,28.57667],[-81.43405,28.57708],[-81.43418,28.57799],[-81.43192,28.578],[-81.43182,28.57439],[-81.4338,28.57438],[-81.4338,28.57425],[-81.43343,28.57425],[-81.43326,28.57336],[-81.43283,28.57255],[-81.43078,28.57256],[-81.43075,28.57072],[-81.4304,28.57072],[-81.43034,28.57092],[-81.42663,28.57037],[-81.42654,28.56911],[-81.42855,28.56909],[-81.42852,28.56721],[-81.43049,28.56718],[-81.43048,28.56614],[-81.42949,28.56616],[-81.4295,28.56698],[-81.42698,28.56701],[-81.42697,28.56618],[-81.42646,28.56619]]]]}},{"type":"Feature","properties":{"nombre":"Lake Underhill","id":"49","fuente":"orlando_barrios"},"geometry":{"type":"MultiPolygon","coordinates":[[[[-81.33505,28.53839],[-81.33119,28.53837],[-81.33114,28.53173],[-81.336,28.53102],[-81.34353,28.531],[-81.34358,28.53838],[-81.33505,28.53839]]]]}},{"type":"Feature","properties":{"nombre":"Colonialtown North","id":"14","fuente":"orlando_barrios"},"geometry":{"type":"MultiPolygon","coordinates":[[[[-81.35212,28.55869],[-81.35206,28.55321],[-81.36446,28.55316],[-81.36446,28.56561],[-81.35517,28.56571],[-81.35522,28.56758],[-81.35511,28.56773],[-81.35227,28.56777],[-81.35227,28.56789],[-81.35176,28.5679],[-81.35166,28.56052],[-81.35212,28.55964],[-81.35212,28.55869]]]]}},{"type":"Feature","properties":{"nombre":"Callahan","id":"8","fuente":"orlando_barrios"},"geometry":{"type":"MultiPolygon","coordinates":[[[[-81.38305,28.54939],[-81.3829,28.54204],[-81.39727,28.542],[-81.39745,28.54931],[-81.38881,28.54932],[-81.38662,28.54982],[-81.38499,28.54938],[-81.38305,28.54939]]]]}},{"type":"Feature","properties":{"nombre":"Ventura","id":"90","fuente":"orlando_barrios"},"geometry":{"type":"MultiPolygon","coordinates":[[[[-81.29071,28.50994],[-81.2896,28.5063],[-81.28597,28.50632],[-81.28574,28.50541],[-81.28611,28.50541],[-81.28618,28.50504],[-81.28567,28.50496],[-81.28959,28.50494],[-81.28958,28.50266],[-81.29628,28.50263],[-81.2963,28.49906],[-81.30506,28.499],[-81.30508,28.5026],[-81.302,28.50262],[-81.30204,28.50989],[-81.30432,28.50988],[-81.30502,28.51068],[-81.30364,28.51179],[-81.30206,28.51264],[-81.30212,28.52053],[-81.298,28.51902],[-81.29796,28.51879],[-81.29491,28.5176],[-81.29406,28.51734],[-81.29406,28.51749],[-81.29381,28.5174],[-81.29377,28.51371],[-81.29196,28.5124],[-81.29195,28.51064],[-81.2908,28.5102],[-81.29071,28.50994]]],[[[-81.28548,28.506],[-81.28548,28.50567],[-81.28565,28.50632],[-81.28548,28.50632],[-81.28548,28.506]]]]}},{"type":"Feature","properties":{"nombre":"Meridian Park","id":"124","fuente":"orlando_barrios"},"geometry":{"type":"MultiPolygon","coordinates":[[[[-81.17804,28.45128],[-81.17813,28.42933],[-81.17785,28.42194],[-81.19431,28.4219],[-81.19454,28.42921],[-81.21105,28.43654],[-81.2294,28.44527],[-81.22616,28.4497],[-81.22663,28.45005],[-81.22625,28.45049],[-81.22544,28.45089],[-81.22442,28.45098],[-81.22442,28.45057],[-81.22193,28.45058],[-81.22193,28.451],[-81.22139,28.45101],[-81.21759,28.45032],[-81.21355,28.45109],[-81.17804,28.45128]]]]}},{"type":"Feature","properties":{"nombre":"Dover Shores East","id":"24","fuente":"orlando_barrios"},"geometry":{"type":"MultiPolygon","coordinates":[[[[-81.32505,28.5388],[-81.32481,28.52431],[-81.33107,28.52426],[-81.33119,28.53837],[-81.3281,28.53848],[-81.32508,28.5392],[-81.32505,28.5388]]]]}},{"type":"Feature","properties":{"nombre":"Lake Weldona","id":"50","fuente":"orlando_barrios"},"geometry":{"type":"MultiPolygon","coordinates":[[[[-81.36002,28.53133],[-81.35995,28.52582],[-81.36123,28.52632],[-81.36251,28.5273],[-81.36412,28.52769],[-81.36415,28.52995],[-81.36415,28.53129],[-81.36002,28.53133]]]]}},{"type":"Feature","properties":{"nombre":"Milk District","id":"27","fuente":"orlando_barrios"},"geometry":{"type":"MultiPolygon","coordinates":[[[[-81.34561,28.54788],[-81.3456,28.54602],[-81.34383,28.54606],[-81.34361,28.53963],[-81.34252,28.53967],[-81.34271,28.53875],[-81.34173,28.5384],[-81.35185,28.53829],[-81.35199,28.54775],[-81.34782,28.54782],[-81.34787,28.54948],[-81.34563,28.54955],[-81.34561,28.54788]]]]}},{"type":"Feature","properties":{"nombre":"Vista Park","id":"114","fuente":"orlando_barrios"},"geometry":{"type":"MultiPolygon","coordinates":[[[[-81.23787,28.46895],[-81.23743,28.46812],[-81.23701,28.4683],[-81.23481,28.46419],[-81.23529,28.46399],[-81.23287,28.45953],[-81.23214,28.45758],[-81.23171,28.45768],[-81.23136,28.45522],[-81.23147,28.45468],[-81.23202,28.45467],[-81.23201,28.45368],[-81.23153,28.45346],[-81.23174,28.45281],[-81.23215,28.45233],[-81.23319,28.45188],[-81.23358,28.45195],[-81.23358,28.45257],[-81.23494,28.45256],[-81.23493,28.45188],[-81.24731,28.45164],[-81.25013,28.45114],[-81.25627,28.44935],[-81.25836,28.44904],[-81.26066,28.44896],[-81.26067,28.47349],[-81.23895,28.47359],[-81.23792,28.47016],[-81.23836,28.47002],[-81.23787,28.46895]]]]}},{"type":"Feature","properties":{"nombre":"Bal Bay","id":"103","fuente":"orlando_barrios"},"geometry":{"type":"MultiPolygon","coordinates":[[[[-81.24413,28.45093],[-81.24416,28.4365],[-81.25723,28.43651],[-81.25751,28.43765],[-81.25805,28.43892],[-81.26361,28.44746],[-81.26082,28.44809],[-81.26067,28.44796],[-81.26067,28.44813],[-81.25781,28.44827],[-81.25562,28.44864],[-81.2486,28.45062],[-81.2465,28.45088],[-81.24413,28.45093]]]]}},{"type":"Feature","properties":{"nombre":"Engelwood Park","id":"29","fuente":"orlando_barrios"},"geometry":{"type":"MultiPolygon","coordinates":[[[[-81.29197,28.53803],[-81.29197,28.53788],[-81.29111,28.53789],[-81.29104,28.53299],[-81.28953,28.53301],[-81.28876,28.53184],[-81.28847,28.53167],[-81.28813,28.52948],[-81.28836,28.52891],[-81.28919,28.52814],[-81.28916,28.52774],[-81.28881,28.52734],[-81.28983,28.52666],[-81.2904,28.52647],[-81.29078,28.52647],[-81.29133,28.52838],[-81.29206,28.5295],[-81.29415,28.52864],[-81.29412,28.52636],[-81.29618,28.52635],[-81.29616,28.52453],[-81.29801,28.52452],[-81.29796,28.5191],[-81.2967,28.51863],[-81.29665,28.51873],[-81.29768,28.51911],[-81.29768,28.51946],[-81.29784,28.51946],[-81.29787,28.52263],[-81.29526,28.52266],[-81.29526,28.52235],[-81.29422,28.52236],[-81.29421,28.52215],[-81.29409,28.52215],[-81.29406,28.51734],[-81.29796,28.51879],[-81.298,28.51902],[-81.31041,28.52356],[-81.31056,28.53903],[-81.31043,28.53921],[-81.29198,28.53931],[-81.29197,28.53803]]]]}},{"type":"Feature","properties":{"nombre":"Southeastern Oaks","id":"122","fuente":"orlando_barrios"},"geometry":{"type":"MultiPolygon","coordinates":[[[[-81.21126,28.35241],[-81.21116,28.34824],[-81.23184,28.34814],[-81.23304,28.34932],[-81.23177,28.34932],[-81.23183,28.35179],[-81.21748,28.35179],[-81.21539,28.35237],[-81.21126,28.35241]]],[[[-81.23358,28.35084],[-81.23458,28.35083],[-81.23555,28.35179],[-81.2336,28.35179],[-81.23358,28.35084]]]]}},{"type":"Feature","properties":{"nombre":"North Quarter","id":"120","fuente":"orlando_barrios"},"geometry":{"type":"MultiPolygon","coordinates":[[[[-81.38246,28.55304],[-81.38055,28.56009],[-81.37864,28.5625],[-81.37826,28.56147],[-81.377,28.56034],[-81.37696,28.55904],[-81.37453,28.56027],[-81.37369,28.5609],[-81.37373,28.55313],[-81.38246,28.55304]]]]}},{"type":"Feature","properties":{"nombre":"Mariners Village","id":"55","fuente":"orlando_barrios"},"geometry":{"type":"MultiPolygon","coordinates":[[[[-81.31862,28.51706],[-81.31856,28.51159],[-81.3251,28.51155],[-81.32513,28.51336],[-81.32681,28.51335],[-81.32679,28.51062],[-81.33093,28.51059],[-81.331,28.51878],[-81.32686,28.51881],[-81.32684,28.51704],[-81.31862,28.51706]]]]}},{"type":"Feature","properties":{"nombre":"Johnson Village","id":"34","fuente":"orlando_barrios"},"geometry":{"type":"MultiPolygon","coordinates":[[[[-81.41793,28.52694],[-81.41789,28.52072],[-81.41836,28.51963],[-81.42192,28.51967],[-81.42183,28.51474],[-81.42598,28.51472],[-81.4261,28.52697],[-81.41793,28.52694]]]]}},{"type":"Feature","properties":{"nombre":"East Park","id":"104","fuente":"orlando_barrios"},"geometry":{"type":"MultiPolygon","coordinates":[[[[-81.23213,28.42778],[-81.22878,28.4278],[-81.22767,28.41919],[-81.22779,28.41655],[-81.22822,28.41471],[-81.24294,28.41473],[-81.24312,28.41667],[-81.24381,28.41839],[-81.24377,28.42186],[-81.24407,28.43324],[-81.23771,28.42937],[-81.23213,28.42778]]],[[[-81.22529,28.41727],[-81.22505,28.41663],[-81.22484,28.41656],[-81.22463,28.41609],[-81.22464,28.4147],[-81.22724,28.41471],[-81.22677,28.4173],[-81.22585,28.41723],[-81.22578,28.41846],[-81.22556,28.41845],[-81.22529,28.41727]]]]}},{"type":"Feature","properties":{"nombre":"Rock Lake","id":"70","fuente":"orlando_barrios"},"geometry":{"type":"MultiPolygon","coordinates":[[[[-81.39558,28.55292],[-81.39576,28.55208],[-81.39682,28.551],[-81.39744,28.55003],[-81.3973,28.54386],[-81.40098,28.54383],[-81.40351,28.5442],[-81.40783,28.54419],[-81.40967,28.54459],[-81.4098,28.55175],[-81.40569,28.5518],[-81.4057,28.55289],[-81.39558,28.55292]]]]}},{"type":"Feature","properties":{"nombre":"Lake Nona Central","id":"117","fuente":"orlando_barrios"},"geometry":{"type":"MultiPolygon","coordinates":[[[[-81.25828,28.40882],[-81.25743,28.40858],[-81.25669,28.40868],[-81.25645,28.40722],[-81.25405,28.4072],[-81.25369,28.40675],[-81.25341,28.40536],[-81.25312,28.40476],[-81.25269,28.40437],[-81.25192,28.40412],[-81.25113,28.40424],[-81.25053,28.40483],[-81.25055,28.40679],[-81.25012,28.40724],[-81.24627,28.40687],[-81.24566,28.40712],[-81.24401,28.40712],[-81.24449,28.40384],[-81.2443,28.40391],[-81.24432,28.40312],[-81.24466,28.40298],[-81.24481,28.40159],[-81.24602,28.40116],[-81.24683,28.40065],[-81.25066,28.39697],[-81.25031,28.39672],[-81.25903,28.38621],[-81.26182,28.38468],[-81.27396,28.38068],[-81.28232,28.37732],[-81.28244,28.40701],[-81.28195,28.407],[-81.28057,28.40455],[-81.28004,28.40402],[-81.27953,28.40378],[-81.27706,28.40354],[-81.27506,28.40374],[-81.27377,28.40338],[-81.27079,28.40322],[-81.26795,28.40375],[-81.26669,28.4043],[-81.2632,28.40642],[-81.26264,28.40755],[-81.26158,28.40759],[-81.26074,28.40822],[-81.25994,28.40834],[-81.25912,28.40874],[-81.25828,28.40882]]]]}},{"type":"Feature","properties":{"nombre":"Catalina","id":"10","fuente":"orlando_barrios"},"geometry":{"type":"MultiPolygon","coordinates":[[[[-81.40953,28.52074],[-81.40941,28.51294],[-81.41402,28.51294],[-81.41398,28.50905],[-81.41492,28.50904],[-81.41639,28.50875],[-81.4147,28.50876],[-81.41592,28.5084],[-81.41735,28.50751],[-81.41749,28.50711],[-81.41786,28.5071],[-81.41796,28.5075],[-81.41951,28.50748],[-81.42069,28.50837],[-81.42189,28.50835],[-81.42188,28.50796],[-81.42285,28.50795],[-81.42285,28.50834],[-81.42254,28.50835],[-81.42254,28.50875],[-81.42409,28.50866],[-81.42457,28.5088],[-81.42593,28.50878],[-81.42598,28.51472],[-81.42183,28.51474],[-81.42192,28.51967],[-81.41836,28.51963],[-81.41789,28.52072],[-81.40953,28.52074]]]]}},{"type":"Feature","properties":{"nombre":"Storey Park","id":"121","fuente":"orlando_barrios"},"geometry":{"type":"MultiPolygon","coordinates":[[[[-81.22677,28.44409],[-81.21105,28.43654],[-81.20072,28.43194],[-81.20063,28.42555],[-81.20474,28.42556],[-81.20469,28.42189],[-81.21044,28.42181],[-81.21126,28.42114],[-81.21241,28.41859],[-81.2193,28.41467],[-81.2192,28.41824],[-81.21751,28.41824],[-81.22014,28.42155],[-81.22193,28.42155],[-81.22261,28.42117],[-81.22348,28.42115],[-81.22441,28.42159],[-81.22494,28.42262],[-81.22687,28.42262],[-81.22663,28.42362],[-81.2254,28.42606],[-81.22546,28.42809],[-81.22778,28.42805],[-81.22899,28.43706],[-81.228,28.43716],[-81.22883,28.43932],[-81.22927,28.43927],[-81.22957,28.44281],[-81.22866,28.44286],[-81.22876,28.44412],[-81.22902,28.44444],[-81.22906,28.44494],[-81.22953,28.44514],[-81.22949,28.44531],[-81.22677,28.44409]],[[-81.21049,28.43504],[-81.21023,28.43448],[-81.20988,28.4346],[-81.21014,28.43516],[-81.21049,28.43504]]],[[[-81.22651,28.41942],[-81.22671,28.41919],[-81.22703,28.42192],[-81.22693,28.42236],[-81.22625,28.42173],[-81.22519,28.4211],[-81.22542,28.42042],[-81.226,28.4201],[-81.22651,28.41942]]],[[[-81.21513,28.41619],[-81.21517,28.41469],[-81.21775,28.4147],[-81.21513,28.41619]]]]}},{"type":"Feature","properties":{"nombre":"New Malibu","id":"61","fuente":"orlando_barrios"},"geometry":{"type":"MultiPolygon","coordinates":[[[[-81.43939,28.52783],[-81.44246,28.52782],[-81.44249,28.53431],[-81.44069,28.53433],[-81.4407,28.5324],[-81.43942,28.53239],[-81.43939,28.52783]]]]}},{"type":"Feature","properties":{"nombre":"Colonialtown South","id":"15","fuente":"orlando_barrios"},"geometry":{"type":"MultiPolygon","coordinates":[[[[-81.35199,28.54775],[-81.35194,28.54594],[-81.36438,28.54581],[-81.36446,28.55316],[-81.35206,28.55321],[-81.35199,28.54775]]]]}},{"type":"Feature","properties":{"nombre":"Lake Formosa","id":"43","fuente":"orlando_barrios"},"geometry":{"type":"MultiPolygon","coordinates":[[[[-81.3686,28.5736],[-81.36717,28.57384],[-81.36603,28.57376],[-81.36447,28.57312],[-81.36445,28.56404],[-81.37245,28.56416],[-81.37255,28.56752],[-81.37127,28.57411],[-81.3698,28.57395],[-81.3686,28.5736]]]]}},{"type":"Feature","properties":{"nombre":"Millenia","id":"89","fuente":"orlando_barrios"},"geometry":{"type":"MultiPolygon","coordinates":[[[[-81.41802,28.49146],[-81.41782,28.48966],[-81.41642,28.48971],[-81.41642,28.48894],[-81.4146,28.48836],[-81.41459,28.4871],[-81.41784,28.48717],[-81.42573,28.48699],[-81.42569,28.47999],[-81.43207,28.47996],[-81.43194,28.47951],[-81.43806,28.47942],[-81.43805,28.47578],[-81.43932,28.47576],[-81.43929,28.47229],[-81.44012,28.47228],[-81.44013,28.4721],[-81.44227,28.4721],[-81.44231,28.48461],[-81.43722,28.48882],[-81.42638,28.50146],[-81.42569,28.50148],[-81.42311,28.50444],[-81.42175,28.50446],[-81.42169,28.49773],[-81.41788,28.49776],[-81.41787,28.49791],[-81.41769,28.49791],[-81.41777,28.49425],[-81.41803,28.49425],[-81.41802,28.49146]],[[-81.42575,28.49059],[-81.42781,28.49057],[-81.42779,28.48875],[-81.42677,28.48876],[-81.42675,28.48701],[-81.42573,28.48701],[-81.42575,28.49059]]]]}},{"type":"Feature","properties":{"nombre":"Spring Lake","id":"83","fuente":"orlando_barrios"},"geometry":{"type":"MultiPolygon","coordinates":[[[[-81.39558,28.55292],[-81.4057,28.55289],[-81.4057,28.55434],[-81.40983,28.55433],[-81.40983,28.55648],[-81.41079,28.55647],[-81.41114,28.5574],[-81.41189,28.55784],[-81.41189,28.55827],[-81.41396,28.55824],[-81.41396,28.55802],[-81.41472,28.55789],[-81.41543,28.56006],[-81.40997,28.56011],[-81.41007,28.56488],[-81.40013,28.56491],[-81.39577,28.55752],[-81.3956,28.55673],[-81.39558,28.55292]]]]}},{"type":"Feature","properties":{"nombre":"South Division","id":"78","fuente":"orlando_barrios"},"geometry":{"type":"MultiPolygon","coordinates":[[[[-81.38247,28.53112],[-81.38056,28.51273],[-81.38298,28.51275],[-81.38284,28.51214],[-81.38429,28.51214],[-81.38414,28.51292],[-81.38454,28.51323],[-81.38517,28.51412],[-81.38564,28.5144],[-81.38636,28.51457],[-81.38987,28.51456],[-81.38993,28.51422],[-81.39055,28.5139],[-81.3907,28.51343],[-81.3912,28.51342],[-81.39167,28.5131],[-81.39166,28.51291],[-81.39112,28.51292],[-81.39111,28.51268],[-81.39155,28.51261],[-81.39215,28.51204],[-81.39271,28.51193],[-81.39275,28.51165],[-81.39293,28.51165],[-81.39297,28.5123],[-81.39317,28.51197],[-81.39387,28.51161],[-81.39387,28.51139],[-81.39433,28.51131],[-81.39431,28.51085],[-81.39465,28.51082],[-81.39518,28.51046],[-81.39533,28.50955],[-81.39676,28.50863],[-81.39685,28.50734],[-81.39711,28.50733],[-81.39715,28.50805],[-81.39747,28.50808],[-81.39749,28.50919],[-81.40104,28.50915],[-81.40116,28.5097],[-81.39974,28.5098],[-81.39772,28.51022],[-81.39488,28.51144],[-81.38773,28.51639],[-81.3866,28.51803],[-81.38626,28.51986],[-81.38624,28.52941],[-81.38582,28.53109],[-81.38612,28.53108],[-81.38516,28.5322],[-81.38329,28.53529],[-81.3826,28.53527],[-81.38277,28.53449],[-81.38247,28.53112]]]]}},{"type":"Feature","properties":{"nombre":"Lancaster Park","id":"51","fuente":"orlando_barrios"},"geometry":{"type":"MultiPolygon","coordinates":[[[[-81.35992,28.52509],[-81.35984,28.52045],[-81.36663,28.52033],[-81.36669,28.52398],[-81.36585,28.52399],[-81.3658,28.52593],[-81.36416,28.52649],[-81.36199,28.52538],[-81.35992,28.52509]]]]}},{"type":"Feature","properties":{"nombre":"Azalea Park","id":"4","fuente":"orlando_barrios"},"geometry":{"type":"MultiPolygon","coordinates":[[[[-81.31052,28.54722],[-81.31044,28.53952],[-81.31472,28.53963],[-81.31479,28.54263],[-81.31888,28.5426],[-81.31892,28.54624],[-81.31694,28.54625],[-81.31693,28.54546],[-81.31523,28.54536],[-81.31523,28.54547],[-81.31488,28.54547],[-81.31489,28.54682],[-81.31131,28.54681],[-81.31131,28.54745],[-81.31052,28.54747],[-81.31052,28.54722]]]]}},{"type":"Feature","properties":{"nombre":"Lake Fredrica","id":"44","fuente":"orlando_barrios"},"geometry":{"type":"MultiPolygon","coordinates":[[[[-81.30212,28.52053],[-81.30206,28.51264],[-81.30364,28.51179],[-81.30502,28.51068],[-81.30432,28.50988],[-81.30204,28.50989],[-81.302,28.50262],[-81.30611,28.50259],[-81.30612,28.50514],[-81.3055,28.50515],[-81.30572,28.50623],[-81.30613,28.50622],[-81.30616,28.50985],[-81.31031,28.50983],[-81.31041,28.52356],[-81.30212,28.52053]]]]}},{"type":"Feature","properties":{"nombre":"Wedgewood Groves","id":"93","fuente":"orlando_barrios"},"geometry":{"type":"MultiPolygon","coordinates":[[[[-81.33509,28.51334],[-81.33509,28.51321],[-81.33612,28.5132],[-81.33611,28.51146],[-81.33714,28.51146],[-81.33715,28.51319],[-81.33913,28.51318],[-81.33917,28.51845],[-81.33513,28.51848],[-81.33509,28.51334]]]]}},{"type":"Feature","properties":{"nombre":"Southport","id":"105","fuente":"orlando_barrios"},"geometry":{"type":"MultiPolygon","coordinates":[[[[-81.34767,28.41826],[-81.34769,28.42342],[-81.34732,28.42342],[-81.34731,28.42431],[-81.34694,28.42431],[-81.34705,28.4425],[-81.34742,28.44343],[-81.34848,28.44436],[-81.34996,28.44467],[-81.3511,28.44437],[-81.3511,28.44959],[-81.34911,28.44986],[-81.34916,28.44825],[-81.34953,28.44737],[-81.34746,28.44732],[-81.34745,28.44606],[-81.34773,28.44598],[-81.34772,28.44573],[-81.34914,28.44534],[-81.34901,28.44521],[-81.34704,28.44578],[-81.34706,28.44976],[-81.34604,28.44979],[-81.34603,28.44748],[-81.34295,28.44752],[-81.34296,28.44981],[-81.34228,28.44999],[-81.33927,28.45001],[-81.33903,28.44981],[-81.33866,28.44981],[-81.33846,28.44999],[-81.33699,28.45004],[-81.33698,28.44824],[-81.33871,28.44824],[-81.33856,28.44051],[-81.33739,28.44],[-81.33694,28.43998],[-81.33695,28.44057],[-81.33503,28.44064],[-81.33497,28.43409],[-81.33653,28.43489],[-81.338,28.43351],[-81.33771,28.41907],[-81.34031,28.41905],[-81.34103,28.42014],[-81.34362,28.42012],[-81.34355,28.41253],[-81.3459,28.41476],[-81.34767,28.41715],[-81.34767,28.41826]]],[[[-81.34769,28.42115],[-81.34767,28.41826],[-81.35001,28.42146],[-81.34869,28.42146],[-81.34845,28.42115],[-81.34769,28.42115]]]]}},{"type":"Feature","properties":{"nombre":"Coytown","id":"18","fuente":"orlando_barrios"},"geometry":{"type":"MultiPolygon","coordinates":[[[[-81.35206,28.55321],[-81.35212,28.55869],[-81.35016,28.55871],[-81.3503,28.55862],[-81.35029,28.55783],[-81.34592,28.55785],[-81.34588,28.5562],[-81.34795,28.5562],[-81.34794,28.55323],[-81.35206,28.55321]]]]}},{"type":"Feature","properties":{"nombre":"Lake Mann Gardens","id":"46","fuente":"orlando_barrios"},"geometry":{"type":"MultiPolygon","coordinates":[[[[-81.43411,28.5381],[-81.42608,28.53808],[-81.4261,28.5307],[-81.43432,28.53069],[-81.43432,28.52706],[-81.43448,28.52707],[-81.4345,28.53447],[-81.43505,28.53447],[-81.43504,28.53523],[-81.4345,28.53523],[-81.43442,28.5381],[-81.43411,28.5381]],[[-81.4343,28.53587],[-81.43385,28.53587],[-81.43385,28.53602],[-81.4343,28.53601],[-81.4343,28.53587]],[[-81.4343,28.53558],[-81.43385,28.53557],[-81.43385,28.53572],[-81.4343,28.53572],[-81.4343,28.53558]]]]}},{"type":"Feature","properties":{"nombre":"Signal Hill","id":"77","fuente":"orlando_barrios"},"geometry":{"type":"MultiPolygon","coordinates":[[[[-81.4464,28.60185],[-81.44129,28.60186],[-81.44124,28.5982],[-81.44329,28.59821],[-81.44325,28.59274],[-81.4412,28.59273],[-81.44119,28.58909],[-81.44324,28.5891],[-81.44324,28.58932],[-81.44615,28.5893],[-81.44619,28.59156],[-81.4475,28.59185],[-81.44733,28.5948],[-81.44943,28.59479],[-81.44942,28.59516],[-81.45127,28.59515],[-81.45127,28.59817],[-81.45,28.59817],[-81.45,28.59861],[-81.45004,28.60002],[-81.45131,28.60002],[-81.45136,28.60186],[-81.4464,28.60185]]]]}},{"type":"Feature","properties":{"nombre":"Haralson Estates","id":"107","fuente":"orlando_barrios"},"geometry":{"type":"MultiPolygon","coordinates":[[[[-81.41832,28.55173],[-81.41792,28.55173],[-81.41792,28.55054],[-81.41712,28.55056],[-81.41706,28.5512],[-81.41658,28.55131],[-81.41595,28.55131],[-81.41595,28.55057],[-81.41398,28.55057],[-81.41388,28.54423],[-81.41403,28.54353],[-81.41464,28.54384],[-81.41464,28.54404],[-81.41498,28.54404],[-81.41556,28.54442],[-81.41464,28.54442],[-81.41479,28.54628],[-81.4181,28.54737],[-81.41896,28.5475],[-81.41896,28.54888],[-81.41802,28.54903],[-81.41802,28.54919],[-81.41956,28.54918],[-81.41955,28.54852],[-81.42008,28.54852],[-81.42008,28.55256],[-81.41857,28.55257],[-81.41857,28.55173],[-81.41832,28.55173]]]]}},{"type":"Feature","properties":{"nombre":"Florida Center North","id":"31","fuente":"orlando_barrios"},"geometry":{"type":"MultiPolygon","coordinates":[[[[-81.44013,28.4721],[-81.44012,28.47196],[-81.43981,28.47196],[-81.4398,28.4684],[-81.44177,28.47012],[-81.44177,28.46937],[-81.44438,28.47216],[-81.45502,28.48642],[-81.45671,28.48811],[-81.45895,28.48974],[-81.45894,28.49391],[-81.45458,28.49414],[-81.45466,28.50121],[-81.42638,28.50146],[-81.43676,28.4893],[-81.43847,28.48768],[-81.44231,28.48461],[-81.44227,28.4721],[-81.44013,28.4721]]]]}},{"type":"Feature","properties":{"nombre":"Airport North","id":"2","fuente":"orlando_barrios"},"geometry":{"type":"MultiPolygon","coordinates":[[[[-81.29154,28.48246],[-81.29153,28.48172],[-81.29055,28.48173],[-81.29055,28.48114],[-81.29016,28.48114],[-81.29015,28.48071],[-81.29153,28.48081],[-81.29151,28.47714],[-81.28936,28.47716],[-81.28938,28.48074],[-81.28714,28.48076],[-81.28713,28.47969],[-81.2864,28.4797],[-81.28636,28.47893],[-81.28738,28.47892],[-81.28616,28.47779],[-81.28632,28.47803],[-81.28591,28.4784],[-81.28591,28.47893],[-81.28551,28.47894],[-81.2855,28.4775],[-81.28572,28.47741],[-81.28524,28.47674],[-81.28524,28.47527],[-81.28354,28.47528],[-81.28095,28.47294],[-81.28522,28.47292],[-81.28523,28.47248],[-81.28054,28.4725],[-81.27858,28.46983],[-81.28521,28.46988],[-81.28519,28.46668],[-81.27665,28.4667],[-81.27434,28.4634],[-81.27704,28.46342],[-81.27702,28.4587],[-81.27123,28.45869],[-81.27044,28.45752],[-81.27701,28.45751],[-81.277,28.45555],[-81.27402,28.45556],[-81.27298,28.45399],[-81.26812,28.45399],[-81.26699,28.45202],[-81.26683,28.45203],[-81.26525,28.44965],[-81.26814,28.44896],[-81.26872,28.44896],[-81.26871,28.44813],[-81.28209,28.44813],[-81.28425,28.44828],[-81.29075,28.44941],[-81.29076,28.45036],[-81.28927,28.45013],[-81.28927,28.45146],[-81.33062,28.45131],[-81.33064,28.4535],[-81.33171,28.45432],[-81.33081,28.45547],[-81.33057,28.45617],[-81.33061,28.46036],[-81.32697,28.46038],[-81.33059,28.4604],[-81.33064,28.46696],[-81.32809,28.46697],[-81.32809,28.46774],[-81.33064,28.46773],[-81.33065,28.47092],[-81.33051,28.47092],[-81.3305,28.47138],[-81.33066,28.47138],[-81.33066,28.47167],[-81.33026,28.47167],[-81.33026,28.47184],[-81.33066,28.47184],[-81.33051,28.4732],[-81.33066,28.4732],[-81.33069,28.47868],[-81.32872,28.47869],[-81.32871,28.47687],[-81.3251,28.47689],[-81.32512,28.47979],[-81.3246,28.47993],[-81.3246,28.48046],[-81.32097,28.48048],[-81.32097,28.4787],[-81.32148,28.47869],[-81.32148,28.47691],[-81.31327,28.47698],[-81.31317,28.48044],[-81.31316,28.47694],[-81.31269,28.47695],[-81.3127,28.48052],[-81.31042,28.48039],[-81.31042,28.48062],[-81.30908,28.48062],[-81.30907,28.47696],[-81.30183,28.477],[-81.30183,28.47518],[-81.29877,28.47519],[-81.29876,28.47336],[-81.29561,28.47338],[-81.29563,28.47712],[-81.29249,28.47713],[-81.29251,28.4808],[-81.29349,28.48079],[-81.29349,28.48186],[-81.2929,28.48187],[-81.29285,28.48245],[-81.29154,28.48246]],[[-81.32558,28.46958],[-81.32557,28.46593],[-81.32454,28.46593],[-81.32455,28.46958],[-81.32558,28.46958]],[[-81.32081,28.46341],[-81.32065,28.4634],[-81.32056,28.46405],[-81.32081,28.46447],[-81.32102,28.46586],[-81.32118,28.46586],[-81.32096,28.46443],[-81.32072,28.46402],[-81.32081,28.46341]]],[[[-81.31892,28.48424],[-81.3189,28.48075],[-81.32201,28.48087],[-81.32201,28.48066],[-81.32253,28.48065],[-81.32253,28.48087],[-81.32668,28.48083],[-81.32668,28.4842],[-81.31892,28.48424]]],[[[-81.33294,28.45345],[-81.33344,28.45252],[-81.33404,28.45249],[-81.33404,28.45341],[-81.33475,28.4534],[-81.33477,28.45489],[-81.33271,28.4549],[-81.33272,28.45673],[-81.33084,28.45674],[-81.3312,28.45562],[-81.33294,28.45345]]],[[[-81.27619,28.47162],[-81.27948,28.4716],[-81.27975,28.47205],[-81.27619,28.47206],[-81.27619,28.47162]]],[[[-81.29368,28.48092],[-81.29467,28.48092],[-81.29467,28.48134],[-81.29368,28.48134],[-81.29368,28.48092]]],[[[-81.27391,28.46275],[-81.27357,28.46223],[-81.27458,28.46223],[-81.27457,28.46268],[-81.27391,28.46275]]],[[[-81.27318,28.46165],[-81.27426,28.46156],[-81.27426,28.4619],[-81.27335,28.4619],[-81.27318,28.46165]]]]}},{"type":"Feature","properties":{"nombre":"Lake Fairview","id":"111","fuente":"orlando_barrios"},"geometry":{"type":"MultiPolygon","coordinates":[[[[-81.41059,28.60497],[-81.41058,28.60402],[-81.40766,28.60399],[-81.40751,28.60387],[-81.40776,28.60361],[-81.40765,28.60352],[-81.40739,28.60378],[-81.40374,28.60128],[-81.40425,28.60097],[-81.40417,28.6011],[-81.40468,28.60119],[-81.40473,28.60032],[-81.40417,28.60032],[-81.40435,28.59645],[-81.40913,28.5964],[-81.40915,28.59893],[-81.40951,28.59893],[-81.40952,28.60047],[-81.40995,28.60048],[-81.41055,28.60027],[-81.41052,28.59578],[-81.41534,28.59577],[-81.41699,28.5989],[-81.41737,28.59993],[-81.41721,28.60022],[-81.41765,28.60204],[-81.41675,28.60205],[-81.41679,28.60395],[-81.41472,28.60397],[-81.41471,28.60429],[-81.41414,28.60429],[-81.41415,28.60482],[-81.41069,28.60486],[-81.41059,28.60497]]],[[[-81.40885,28.60498],[-81.40886,28.60404],[-81.40949,28.60405],[-81.40949,28.60549],[-81.40885,28.60498]]]]}},{"type":"Feature","properties":{"nombre":"Lake Como","id":"38","fuente":"orlando_barrios"},"geometry":{"type":"MultiPolygon","coordinates":[[[[-81.3436,28.53686],[-81.3435,28.5243],[-81.34403,28.5243],[-81.34396,28.52599],[-81.34499,28.52598],[-81.34498,28.5255],[-81.34439,28.5255],[-81.34438,28.52431],[-81.34611,28.52423],[-81.34612,28.52474],[-81.34652,28.52474],[-81.34654,28.52597],[-81.3486,28.52595],[-81.34858,28.52502],[-81.34944,28.52502],[-81.34945,28.52594],[-81.35178,28.52593],[-81.3518,28.52728],[-81.35224,28.52727],[-81.35225,28.52766],[-81.35481,28.52764],[-81.35483,28.52956],[-81.35381,28.52955],[-81.35383,28.53139],[-81.35589,28.53137],[-81.35598,28.53819],[-81.34358,28.53838],[-81.3436,28.53686]]]]}},{"type":"Feature","properties":{"nombre":"Sunbridge/Camino","id":"126","fuente":"orlando_barrios"},"geometry":{"type":"MultiPolygon","coordinates":[[[[-81.1581,28.39527],[-81.15603,28.38922],[-81.15384,28.38152],[-81.15419,28.37831],[-81.14687,28.37832],[-81.14686,28.37207],[-81.14233,28.37207],[-81.14234,28.37832],[-81.12793,28.37833],[-81.12777,28.34835],[-81.16078,28.34853],[-81.16091,28.37831],[-81.16615,28.37828],[-81.16617,28.37927],[-81.16859,28.37929],[-81.16838,28.38101],[-81.16691,28.38395],[-81.16693,28.3847],[-81.1673,28.38536],[-81.16533,28.38638],[-81.1665,28.38767],[-81.16847,28.38665],[-81.17062,28.38902],[-81.16987,28.38974],[-81.16211,28.39402],[-81.16043,28.3948],[-81.1581,28.39527]]],[[[-81.14368,28.45064],[-81.14169,28.45025],[-81.14168,28.45042],[-81.1408,28.45058],[-81.12415,28.4504],[-81.12785,28.44746],[-81.13001,28.44412],[-81.13497,28.4433],[-81.13655,28.44118],[-81.13664,28.43807],[-81.1387,28.43301],[-81.13602,28.42868],[-81.139,28.42584],[-81.13561,28.40754],[-81.14442,28.4075],[-81.14442,28.40095],[-81.14617,28.39772],[-81.16095,28.39468],[-81.16105,28.42568],[-81.14442,28.4258],[-81.14456,28.45064],[-81.14368,28.45064]]]]}},{"type":"Feature","properties":{"nombre":"Rosemont","id":"72","fuente":"orlando_barrios"},"geometry":{"type":"MultiPolygon","coordinates":[[[[-81.41665,28.59826],[-81.41565,28.59635],[-81.41635,28.59634],[-81.41573,28.59514],[-81.41726,28.59508],[-81.41726,28.5957],[-81.41786,28.59568],[-81.41884,28.59523],[-81.41897,28.59426],[-81.41861,28.59291],[-81.41727,28.59121],[-81.41663,28.58979],[-81.41643,28.58871],[-81.41637,28.58535],[-81.41699,28.58534],[-81.41712,28.58917],[-81.41777,28.5908],[-81.41822,28.59139],[-81.41869,28.59108],[-81.4187,28.59194],[-81.41918,28.59269],[-81.42068,28.59268],[-81.4207,28.59446],[-81.41967,28.59453],[-81.41957,28.59488],[-81.42003,28.59474],[-81.42157,28.59473],[-81.42159,28.59621],[-81.42071,28.59622],[-81.42076,28.59639],[-81.42283,28.59637],[-81.42275,28.59124],[-81.42689,28.59123],[-81.42688,28.589],[-81.44119,28.58909],[-81.4412,28.59273],[-81.44325,28.59274],[-81.44329,28.59821],[-81.44124,28.5982],[-81.44145,28.60737],[-81.4384,28.60738],[-81.43847,28.60928],[-81.43645,28.60928],[-81.43643,28.60891],[-81.43487,28.60891],[-81.43522,28.60372],[-81.43189,28.60377],[-81.43161,28.60655],[-81.43135,28.60655],[-81.43137,28.60746],[-81.43307,28.60743],[-81.43313,28.60864],[-81.43347,28.60907],[-81.43465,28.60905],[-81.43441,28.61251],[-81.43227,28.61255],[-81.43241,28.61237],[-81.43196,28.61209],[-81.43182,28.61227],[-81.43153,28.6121],[-81.43146,28.61183],[-81.427,28.60911],[-81.42614,28.61044],[-81.4226,28.61233],[-81.42332,28.61336],[-81.42299,28.61429],[-81.4209,28.61374],[-81.41946,28.61318],[-81.41694,28.61147],[-81.41693,28.61076],[-81.41912,28.61073],[-81.41912,28.61093],[-81.42189,28.61081],[-81.42178,28.60909],[-81.4235,28.60922],[-81.42364,28.60882],[-81.42394,28.60889],[-81.42417,28.60817],[-81.42465,28.60758],[-81.42256,28.60599],[-81.42077,28.60412],[-81.42105,28.60391],[-81.42184,28.6039],[-81.42149,28.60323],[-81.42208,28.60321],[-81.42201,28.60116],[-81.42016,28.60119],[-81.42002,28.60092],[-81.41877,28.60094],[-81.41778,28.59919],[-81.41873,28.59917],[-81.41872,28.59886],[-81.41767,28.59888],[-81.41725,28.59808],[-81.41665,28.59826]]]]}},{"type":"Feature","properties":{"nombre":"Baldwin Park","id":"109","fuente":"orlando_barrios"},"geometry":{"type":"MultiPolygon","coordinates":[[[[-81.31512,28.57541],[-81.31509,28.5627],[-81.3154,28.5627],[-81.31555,28.56242],[-81.31554,28.56173],[-81.31601,28.56173],[-81.31601,28.56155],[-81.31646,28.56126],[-81.31645,28.56102],[-81.31766,28.56017],[-81.31852,28.55846],[-81.32013,28.55844],[-81.32017,28.55803],[-81.32074,28.55802],[-81.32074,28.55775],[-81.32116,28.55774],[-81.32116,28.5576],[-81.32191,28.55757],[-81.32191,28.55746],[-81.3252,28.55742],[-81.3252,28.55714],[-81.32725,28.55705],[-81.32982,28.55705],[-81.32981,28.55747],[-81.33348,28.55742],[-81.33375,28.56802],[-81.33992,28.56787],[-81.34009,28.57871],[-81.33312,28.57879],[-81.3331,28.57714],[-81.33173,28.57715],[-81.33171,28.57533],[-81.3246,28.57533],[-81.32465,28.58179],[-81.31948,28.58198],[-81.31523,28.58184],[-81.31512,28.57541]],[[-81.3252,28.55783],[-81.3252,28.55769],[-81.32258,28.55772],[-81.32258,28.55786],[-81.32159,28.55801],[-81.32159,28.55815],[-81.32117,28.55815],[-81.32117,28.55829],[-81.32059,28.5583],[-81.32059,28.55857],[-81.32026,28.55858],[-81.32017,28.55872],[-81.32017,28.55988],[-81.32029,28.56],[-81.31965,28.56049],[-81.3187,28.56063],[-81.31854,28.55984],[-81.31854,28.56026],[-81.31818,28.56027],[-81.31799,28.56042],[-81.31799,28.56064],[-81.31748,28.56065],[-81.31749,28.56113],[-81.31707,28.56113],[-81.31676,28.56142],[-81.31676,28.56171],[-81.31601,28.56193],[-81.31602,28.56283],[-81.31571,28.56283],[-81.31556,28.56325],[-81.31558,28.56448],[-81.32123,28.56441],[-81.32114,28.56074],[-81.32518,28.56067],[-81.3252,28.55783]]]]}},{"type":"Feature","properties":{"nombre":"Vista East","id":"106","fuente":"orlando_barrios"},"geometry":{"type":"MultiPolygon","coordinates":[[[[-81.24083,28.48087],[-81.23895,28.47359],[-81.26067,28.47349],[-81.26066,28.44911],[-81.26082,28.44899],[-81.26486,28.44962],[-81.26788,28.45398],[-81.26763,28.45398],[-81.26893,28.45596],[-81.26432,28.45595],[-81.26458,28.45635],[-81.26919,28.45635],[-81.26996,28.45713],[-81.2651,28.45713],[-81.26536,28.45752],[-81.27022,28.45752],[-81.271,28.4587],[-81.27075,28.4587],[-81.27101,28.45909],[-81.27125,28.45909],[-81.27658,28.46716],[-81.27292,28.46716],[-81.27299,28.4808],[-81.26069,28.48081],[-81.2607,28.48811],[-81.25849,28.48812],[-81.2585,28.4915],[-81.26071,28.49149],[-81.26073,28.49542],[-81.2442,28.49549],[-81.2442,28.49367],[-81.24378,28.49367],[-81.2436,28.49217],[-81.24404,28.49167],[-81.24404,28.48789],[-81.24284,28.48696],[-81.24257,28.48692],[-81.24083,28.48087]]]]}},{"type":"Feature","properties":{"nombre":"West Colonial","id":"94","fuente":"orlando_barrios"},"geometry":{"type":"MultiPolygon","coordinates":[[[[-81.41526,28.55947],[-81.41472,28.55789],[-81.41396,28.55802],[-81.41396,28.55824],[-81.41189,28.55827],[-81.41189,28.55784],[-81.41114,28.5574],[-81.41079,28.55647],[-81.40983,28.55648],[-81.40983,28.55433],[-81.4057,28.55434],[-81.40569,28.5518],[-81.4098,28.55175],[-81.40977,28.55063],[-81.41144,28.55062],[-81.41143,28.54979],[-81.41351,28.54977],[-81.4135,28.54824],[-81.41209,28.54828],[-81.41212,28.54759],[-81.41165,28.54723],[-81.41165,28.54694],[-81.41267,28.54693],[-81.41267,28.54734],[-81.41396,28.54733],[-81.41398,28.55057],[-81.41595,28.55057],[-81.41595,28.55131],[-81.41658,28.55131],[-81.41706,28.5512],[-81.41712,28.55056],[-81.41792,28.55054],[-81.41792,28.55173],[-81.41857,28.55173],[-81.41857,28.55257],[-81.42008,28.55256],[-81.42016,28.54745],[-81.42628,28.5474],[-81.42627,28.54634],[-81.4272,28.54624],[-81.43024,28.54633],[-81.42993,28.54633],[-81.42994,28.54671],[-81.42916,28.54672],[-81.42916,28.54711],[-81.43017,28.54712],[-81.43018,28.5473],[-81.43044,28.54746],[-81.43046,28.549],[-81.43136,28.54899],[-81.43141,28.55246],[-81.43396,28.55242],[-81.43395,28.55185],[-81.43352,28.55185],[-81.43352,28.55144],[-81.43413,28.55143],[-81.43412,28.55081],[-81.4345,28.55081],[-81.43456,28.55158],[-81.43452,28.55198],[-81.43413,28.55199],[-81.43414,28.55242],[-81.44192,28.55235],[-81.44192,28.5519],[-81.4423,28.55189],[-81.4423,28.55116],[-81.44248,28.55116],[-81.44248,28.55081],[-81.44286,28.55081],[-81.44285,28.54966],[-81.44421,28.54965],[-81.44422,28.55079],[-81.44594,28.55079],[-81.44594,28.55232],[-81.44547,28.55233],[-81.44547,28.55159],[-81.44499,28.55159],[-81.44499,28.55233],[-81.44397,28.55234],[-81.44395,28.55097],[-81.44346,28.55097],[-81.44346,28.55139],[-81.44287,28.5514],[-81.44288,28.55974],[-81.43668,28.55978],[-81.43663,28.55618],[-81.43148,28.55622],[-81.43146,28.55485],[-81.43053,28.55486],[-81.43054,28.55623],[-81.4253,28.55628],[-81.42525,28.5529],[-81.42251,28.55293],[-81.42252,28.55369],[-81.42314,28.55368],[-81.42315,28.55434],[-81.42019,28.55437],[-81.42018,28.55336],[-81.42065,28.55336],[-81.42064,28.55295],[-81.418,28.55297],[-81.41809,28.55817],[-81.42006,28.55814],[-81.42009,28.55986],[-81.41543,28.56006],[-81.41526,28.55947]],[[-81.42878,28.55468],[-81.42879,28.55537],[-81.4298,28.55536],[-81.42981,28.55559],[-81.43035,28.55559],[-81.43034,28.55511],[-81.4298,28.55511],[-81.42979,28.55467],[-81.42878,28.55468]],[[-81.4266,28.55467],[-81.42677,28.5547],[-81.42678,28.55384],[-81.42732,28.55384],[-81.4273,28.55288],[-81.42657,28.55289],[-81.4266,28.55467]],[[-81.43031,28.55244],[-81.4303,28.55157],[-81.42936,28.55157],[-81.42937,28.55245],[-81.43031,28.55244]],[[-81.42856,28.55537],[-81.42855,28.55469],[-81.42785,28.55469],[-81.42786,28.55538],[-81.42856,28.55537]],[[-81.41517,28.55259],[-81.41517,28.55218],[-81.41462,28.55218],[-81.41462,28.5526],[-81.41517,28.55259]],[[-81.42977,28.55286],[-81.42977,28.55327],[-81.43032,28.55327],[-81.43031,28.55286],[-81.42977,28.55286]]],[[[-81.44561,28.55386],[-81.44515,28.55382],[-81.44514,28.55275],[-81.44639,28.55273],[-81.44639,28.55431],[-81.44562,28.55432],[-81.44561,28.55386]]],[[[-81.4133,28.54692],[-81.41282,28.54684],[-81.41282,28.5457],[-81.41348,28.54597],[-81.41349,28.54692],[-81.4133,28.54692]]],[[[-81.4315,28.5509],[-81.43195,28.5509],[-81.43195,28.55131],[-81.4315,28.55132],[-81.4315,28.5509]]]]}},{"type":"Feature","properties":{"nombre":"Lake Nona Estates","id":"100","fuente":"orlando_barrios"},"geometry":{"type":"MultiPolygon","coordinates":[[[[-81.24401,28.40712],[-81.24566,28.40712],[-81.24627,28.40687],[-81.25012,28.40724],[-81.25055,28.40679],[-81.25053,28.40483],[-81.25113,28.40424],[-81.25192,28.40412],[-81.25269,28.40437],[-81.25312,28.40476],[-81.25341,28.40536],[-81.25369,28.40675],[-81.25405,28.4072],[-81.25645,28.40722],[-81.25669,28.40868],[-81.25743,28.40858],[-81.25828,28.40882],[-81.25912,28.40874],[-81.25994,28.40834],[-81.26102,28.4081],[-81.26158,28.40759],[-81.26264,28.40755],[-81.2632,28.40642],[-81.26669,28.4043],[-81.26779,28.40381],[-81.26985,28.40335],[-81.27166,28.40321],[-81.27377,28.40338],[-81.27506,28.40374],[-81.27706,28.40354],[-81.27903,28.40368],[-81.27983,28.40389],[-81.28057,28.40455],[-81.28195,28.407],[-81.2813,28.407],[-81.2813,28.40722],[-81.27661,28.40719],[-81.27672,28.41461],[-81.27133,28.41459],[-81.27171,28.41623],[-81.27225,28.41745],[-81.26966,28.41838],[-81.2697,28.41948],[-81.26845,28.41997],[-81.26638,28.41992],[-81.2663,28.41922],[-81.26386,28.41915],[-81.2635,28.4195],[-81.26194,28.42015],[-81.26146,28.42004],[-81.26099,28.42034],[-81.26083,28.42019],[-81.25911,28.42011],[-81.25892,28.41966],[-81.25872,28.41965],[-81.25744,28.42011],[-81.2575,28.4203],[-81.25574,28.41954],[-81.25548,28.41971],[-81.25468,28.41937],[-81.25411,28.41944],[-81.25385,28.41992],[-81.25336,28.42025],[-81.25307,28.4212],[-81.25376,28.42193],[-81.25314,28.42194],[-81.2522,28.4215],[-81.25167,28.42147],[-81.25139,28.42211],[-81.2497,28.4235],[-81.24464,28.4195],[-81.24397,28.41867],[-81.24333,28.41734],[-81.24298,28.41599],[-81.24294,28.41473],[-81.24315,28.41473],[-81.24323,28.4111],[-81.24362,28.40891],[-81.24383,28.40894],[-81.24389,28.40867],[-81.24368,28.40864],[-81.24401,28.40712]]],[[[-81.24206,28.40931],[-81.24137,28.40907],[-81.23981,28.41007],[-81.23962,28.40983],[-81.23831,28.40912],[-81.23839,28.40832],[-81.23761,28.4084],[-81.23697,28.40794],[-81.23653,28.408],[-81.23649,28.4071],[-81.24406,28.40401],[-81.2437,28.40662],[-81.24286,28.41078],[-81.24201,28.41078],[-81.24236,28.40944],[-81.24206,28.40931]]],[[[-81.27195,28.42202],[-81.26891,28.42202],[-81.27289,28.42201],[-81.27195,28.42202]]],[[[-81.24409,28.40671],[-81.24401,28.40712],[-81.24416,28.4063],[-81.24409,28.40671]]]]}},{"type":"Feature","properties":{"nombre":"Princeton/Silver Star","id":"66","fuente":"orlando_barrios"},"geometry":{"type":"MultiPolygon","coordinates":[[[[-81.41537,28.5909],[-81.41535,28.59],[-81.4149,28.59],[-81.41461,28.58945],[-81.4146,28.58909],[-81.41484,28.58909],[-81.41484,28.58849],[-81.41331,28.58851],[-81.41331,28.5891],[-81.41255,28.58911],[-81.41196,28.58798],[-81.41274,28.58797],[-81.4123,28.58714],[-81.41152,28.58715],[-81.41075,28.58568],[-81.41091,28.58555],[-81.41314,28.58553],[-81.41364,28.58647],[-81.41373,28.58695],[-81.41503,28.58698],[-81.41502,28.58643],[-81.41534,28.58644],[-81.41534,28.58553],[-81.41326,28.58537],[-81.41321,28.58371],[-81.4123,28.58372],[-81.41229,28.58354],[-81.41241,28.58354],[-81.41233,28.58092],[-81.41348,28.58088],[-81.41399,28.58122],[-81.41419,28.5816],[-81.41429,28.58003],[-81.41523,28.58],[-81.41523,28.57973],[-81.41051,28.57976],[-81.41047,28.57828],[-81.40719,28.57832],[-81.40748,28.57993],[-81.4091,28.58304],[-81.40997,28.58457],[-81.41016,28.58457],[-81.41028,28.5848],[-81.41084,28.5848],[-81.41083,28.58533],[-81.41001,28.58534],[-81.40707,28.57959],[-81.40691,28.57869],[-81.40687,28.57581],[-81.40663,28.57457],[-81.40597,28.57458],[-81.40593,28.57645],[-81.40532,28.57645],[-81.4048,28.57531],[-81.40443,28.5739],[-81.40425,28.57393],[-81.40417,28.57359],[-81.40194,28.57362],[-81.40179,28.56737],[-81.40013,28.56491],[-81.41007,28.56488],[-81.40997,28.56011],[-81.42639,28.55992],[-81.42646,28.56706],[-81.4244,28.56708],[-81.42438,28.56531],[-81.42325,28.56532],[-81.42327,28.56709],[-81.41822,28.56718],[-81.42646,28.56718],[-81.42626,28.56766],[-81.4263,28.56837],[-81.42591,28.56837],[-81.42591,28.56858],[-81.42631,28.56857],[-81.42642,28.57028],[-81.42251,28.56981],[-81.42238,28.56952],[-81.42225,28.56953],[-81.42226,28.56977],[-81.41956,28.56948],[-81.41958,28.56921],[-81.41933,28.56919],[-81.41931,28.56947],[-81.41612,28.56945],[-81.41592,28.56921],[-81.41619,28.57032],[-81.41635,28.57007],[-81.41927,28.57006],[-81.41926,28.57026],[-81.4195,28.57028],[-81.41952,28.57003],[-81.42014,28.57007],[-81.42227,28.57033],[-81.42227,28.57079],[-81.42252,28.57079],[-81.42252,28.57037],[-81.43036,28.57162],[-81.43045,28.57256],[-81.42663,28.57259],[-81.42656,28.57438],[-81.42554,28.57451],[-81.42559,28.57625],[-81.42662,28.57625],[-81.42657,28.57446],[-81.43055,28.57444],[-81.4306,28.57622],[-81.42869,28.57623],[-81.42874,28.57821],[-81.4294,28.5782],[-81.42941,28.57867],[-81.4297,28.57866],[-81.42969,28.5782],[-81.43065,28.57819],[-81.43069,28.57965],[-81.42944,28.57966],[-81.42947,28.58074],[-81.43072,28.58074],[-81.43076,28.58171],[-81.42272,28.58175],[-81.42273,28.58534],[-81.41959,28.58535],[-81.41944,28.57826],[-81.41937,28.57922],[-81.41859,28.57922],[-81.41859,28.57878],[-81.41909,28.57877],[-81.41908,28.57825],[-81.41836,28.57826],[-81.41836,28.57867],[-81.41794,28.57867],[-81.41796,28.57914],[-81.41684,28.57915],[-81.41687,28.58006],[-81.4184,28.58005],[-81.41841,28.5804],[-81.41773,28.58041],[-81.41775,28.58177],[-81.41693,28.58178],[-81.41699,28.58534],[-81.41637,28.58535],[-81.41653,28.58941],[-81.41709,28.59092],[-81.41761,28.59165],[-81.41581,28.59167],[-81.41581,28.59197],[-81.41407,28.59198],[-81.4135,28.59092],[-81.41537,28.5909]],[[-81.40744,28.5781],[-81.40743,28.57773],[-81.40806,28.57772],[-81.40805,28.57727],[-81.40856,28.57726],[-81.40848,28.57629],[-81.40827,28.57629],[-81.40826,28.57547],[-81.4085,28.57546],[-81.40856,28.57629],[-81.40908,28.57628],[-81.40913,28.57755],[-81.41001,28.57754],[-81.41007,28.57807],[-81.41002,28.57453],[-81.40802,28.57455],[-81.40803,28.57546],[-81.40772,28.57547],[-81.40772,28.57579],[-81.40753,28.57579],[-81.40754,28.57642],[-81.40774,28.57642],[-81.40774,28.57684],[-81.40758,28.57684],[-81.40758,28.57724],[-81.40718,28.57724],[-81.40719,28.5781],[-81.40744,28.5781]],[[-81.41422,28.57541],[-81.41423,28.57631],[-81.41601,28.5763],[-81.41588,28.57539],[-81.41422,28.57541]],[[-81.40365,28.57094],[-81.40307,28.56963],[-81.40277,28.56946],[-81.40347,28.57089],[-81.40374,28.57193],[-81.4039,28.57192],[-81.40365,28.57094]]],[[[-81.42064,28.58889],[-81.42062,28.58723],[-81.41961,28.58723],[-81.4196,28.58668],[-81.41863,28.58669],[-81.41861,28.5855],[-81.42261,28.58548],[-81.42265,28.58887],[-81.42064,28.58889]]],[[[-81.42285,28.5563],[-81.42527,28.55628],[-81.42532,28.55978],[-81.42291,28.55982],[-81.42285,28.5563]]]]}},{"type":"Feature","properties":{"nombre":"Holden Heights","id":"33","fuente":"orlando_barrios"},"geometry":{"type":"MultiPolygon","coordinates":[[[[-81.38582,28.53109],[-81.38624,28.52941],[-81.38623,28.52018],[-81.38646,28.51853],[-81.38698,28.51732],[-81.38773,28.51639],[-81.39488,28.51144],[-81.39772,28.51022],[-81.39974,28.5098],[-81.40116,28.5097],[-81.40118,28.51076],[-81.40103,28.51077],[-81.40096,28.5101],[-81.39961,28.51049],[-81.39869,28.51101],[-81.39869,28.51131],[-81.39818,28.51131],[-81.39761,28.51159],[-81.39761,28.51172],[-81.39726,28.51173],[-81.39713,28.51259],[-81.39688,28.51259],[-81.39683,28.5119],[-81.39481,28.51217],[-81.39481,28.51231],[-81.39403,28.5125],[-81.39325,28.51301],[-81.39326,28.51328],[-81.39298,28.51329],[-81.39298,28.51366],[-81.39273,28.51366],[-81.39273,28.51345],[-81.3926,28.51345],[-81.39261,28.51366],[-81.39226,28.51366],[-81.39183,28.51401],[-81.39183,28.5142],[-81.39121,28.5144],[-81.39122,28.51477],[-81.39025,28.5152],[-81.39026,28.51549],[-81.38979,28.5155],[-81.38917,28.5159],[-81.38917,28.51604],[-81.38876,28.51617],[-81.38891,28.52369],[-81.39501,28.52371],[-81.39501,28.52464],[-81.39305,28.52466],[-81.39306,28.52645],[-81.39633,28.52648],[-81.39633,28.52741],[-81.39713,28.5274],[-81.39712,28.52647],[-81.40103,28.5265],[-81.4011,28.52736],[-81.40125,28.52735],[-81.40132,28.531],[-81.38582,28.53109]]],[[[-81.39918,28.52638],[-81.39833,28.52638],[-81.39832,28.52561],[-81.39933,28.52559],[-81.39933,28.52638],[-81.39918,28.52638]]]]}},{"type":"Feature","properties":{"nombre":"Palomar","id":"64","fuente":"orlando_barrios"},"geometry":{"type":"MultiPolygon","coordinates":[[[[-81.39802,28.59107],[-81.39797,28.58834],[-81.39533,28.58838],[-81.39533,28.58783],[-81.39517,28.58783],[-81.39517,28.58745],[-81.39579,28.58744],[-81.39579,28.58766],[-81.39598,28.58766],[-81.39629,28.58765],[-81.39629,28.58743],[-81.39786,28.58741],[-81.39785,28.58686],[-81.3976,28.58686],[-81.39759,28.58647],[-81.39784,28.58646],[-81.39782,28.58561],[-81.39638,28.58562],[-81.39637,28.58516],[-81.39594,28.5852],[-81.39593,28.58468],[-81.39379,28.58497],[-81.39378,28.58458],[-81.39312,28.58518],[-81.39148,28.58377],[-81.39689,28.58269],[-81.39872,28.58192],[-81.40054,28.58073],[-81.40149,28.58051],[-81.40173,28.58031],[-81.40193,28.58039],[-81.40216,28.59102],[-81.39802,28.59107]]],[[[-81.39396,28.58708],[-81.39439,28.58707],[-81.3944,28.58746],[-81.39471,28.58745],[-81.39471,28.58784],[-81.39396,28.58785],[-81.39396,28.58708]]],[[[-81.39425,28.58801],[-81.3944,28.58801],[-81.3944,28.58877],[-81.39397,28.58878],[-81.39397,28.58801],[-81.39425,28.58801]]]]}},{"type":"Feature","properties":{"nombre":"Pineloch","id":"65","fuente":"orlando_barrios"},"geometry":{"type":"MultiPolygon","coordinates":[[[[-81.36732,28.51305],[-81.36731,28.51125],[-81.36653,28.51126],[-81.36653,28.5108],[-81.36609,28.5108],[-81.36608,28.50965],[-81.36619,28.50988],[-81.36651,28.50977],[-81.36652,28.50938],[-81.366,28.50939],[-81.36599,28.50882],[-81.36548,28.50928],[-81.36551,28.51294],[-81.36304,28.51296],[-81.36294,28.50935],[-81.36212,28.50936],[-81.36195,28.50797],[-81.36494,28.50668],[-81.36804,28.50661],[-81.36797,28.51074],[-81.36849,28.51074],[-81.3685,28.51215],[-81.36809,28.51215],[-81.36809,28.51291],[-81.37006,28.51289],[-81.37007,28.5112],[-81.36931,28.50935],[-81.37227,28.50934],[-81.37227,28.50896],[-81.37268,28.50895],[-81.37269,28.5084],[-81.37311,28.5084],[-81.3731,28.50925],[-81.3733,28.50925],[-81.3733,28.50881],[-81.37372,28.5088],[-81.37372,28.50894],[-81.37408,28.50894],[-81.37408,28.50924],[-81.37423,28.50924],[-81.37421,28.50647],[-81.37612,28.50627],[-81.37614,28.5052],[-81.37505,28.50521],[-81.37504,28.50566],[-81.37354,28.50568],[-81.37353,28.50523],[-81.3722,28.50524],[-81.3722,28.50483],[-81.37422,28.50477],[-81.37421,28.50393],[-81.37445,28.50393],[-81.37445,28.5038],[-81.37352,28.50382],[-81.37352,28.50354],[-81.37391,28.50354],[-81.3739,28.50326],[-81.37429,28.50326],[-81.37428,28.50255],[-81.37444,28.50255],[-81.37444,28.50241],[-81.37614,28.50239],[-81.37615,28.50319],[-81.37641,28.50319],[-81.37644,28.51065],[-81.37681,28.51065],[-81.37683,28.51146],[-81.37728,28.51147],[-81.37729,28.51289],[-81.36732,28.51305]]],[[[-81.3624,28.50949],[-81.36283,28.50949],[-81.36284,28.51009],[-81.3624,28.5101],[-81.3624,28.50949]]],[[[-81.35998,28.513],[-81.35992,28.51186],[-81.36036,28.51185],[-81.36037,28.51263],[-81.36139,28.51261],[-81.36139,28.5125],[-81.36198,28.51261],[-81.36198,28.51243],[-81.36242,28.51242],[-81.36248,28.51273],[-81.36287,28.5128],[-81.36285,28.51297],[-81.35998,28.513]]],[[[-81.35573,28.5131],[-81.35573,28.51262],[-81.35647,28.51261],[-81.35647,28.51196],[-81.35759,28.51196],[-81.3576,28.51307],[-81.35993,28.51305],[-81.35157,28.51324],[-81.35573,28.5131]]]]}},{"type":"Feature","properties":{"nombre":"Metro West","id":"57","fuente":"orlando_barrios"},"geometry":{"type":"MultiPolygon","coordinates":[[[[-81.46342,28.53404],[-81.46333,28.53268],[-81.46234,28.53269],[-81.46233,28.53214],[-81.46109,28.53214],[-81.46113,28.53315],[-81.45902,28.53313],[-81.45925,28.53194],[-81.45931,28.53042],[-81.45888,28.50468],[-81.46221,28.50467],[-81.46198,28.50402],[-81.46213,28.50292],[-81.46289,28.50145],[-81.46275,28.5012],[-81.46314,28.50055],[-81.46361,28.49904],[-81.46477,28.49701],[-81.46532,28.49669],[-81.4656,28.49593],[-81.46636,28.49542],[-81.47044,28.49703],[-81.4716,28.49742],[-81.47223,28.49741],[-81.47706,28.49922],[-81.48042,28.50102],[-81.48346,28.50322],[-81.48359,28.50453],[-81.48344,28.50454],[-81.48345,28.5047],[-81.48364,28.5047],[-81.48374,28.50492],[-81.48376,28.50561],[-81.48422,28.50561],[-81.48552,28.50778],[-81.48581,28.50858],[-81.4859,28.51351],[-81.4856,28.51462],[-81.48505,28.51559],[-81.49214,28.51555],[-81.49211,28.50971],[-81.49415,28.51157],[-81.49648,28.51405],[-81.49876,28.51597],[-81.50117,28.51754],[-81.50519,28.5196],[-81.5075,28.52124],[-81.50708,28.52208],[-81.50752,28.52264],[-81.49222,28.52277],[-81.49218,28.5192],[-81.48807,28.51923],[-81.48808,28.52106],[-81.48256,28.52112],[-81.47983,28.52197],[-81.47986,28.5276],[-81.47797,28.52754],[-81.47797,28.52768],[-81.47571,28.52852],[-81.47577,28.53394],[-81.46342,28.53404]]],[[[-81.48458,28.50556],[-81.48616,28.50524],[-81.49014,28.50824],[-81.48794,28.50827],[-81.48799,28.51193],[-81.48621,28.51194],[-81.48605,28.50828],[-81.48458,28.50556]]]]}}]}